,depto_id,departamento_nombre,provincia_id
0,38084,SUSQUES,38
1,38063,SAN PEDRO,38
2,26021,ESCALANTE,26
3,26035,FUTALEUFÚ,26
12,54112,SAN PEDRO,54
15,26105,TELSEN,26
16,26014,CUSHAMEN,26
20,02001,COMUNA 1,2
21,02003,COMUNA 3,2
22,86182,SARMIENTO,86
23,42105,MARACÓ,42
24,06070,BARADERO,6
25,90084,CAPITAL,90
26,90021,CHICLIGASTA,90
27,22140,SAN FERNANDO,22
32,22036,12 DE OCTUBRE,22
33,58035,CONFLUENCIA,58
34,66028,CAPITAL,66
39,66035,CERRILLOS ,66
40,22126,1º DE MAYO,22
41,22014,BERMEJO,22
42,22039,2 DE ABRIL,22
43,82119,SAN LORENZO,82
44,82084,ROSARIO,82
45,22105,9 DE JULIO,22
48,22028,CHACABUCO,22
50,50077,MALARGÜE,50
51,74042,GOBERNADOR DUPUY,74
58,66056,GRL. JOSÉ DE SAN MARTÍN,66
59,22063,GENERAL GÜEMES,22
61,66119,MOLINOS,66
62,46098,VINCHINA,46
63,14091,PUNILLA,14
64,14140,SAN JUSTO,14
65,46014,CAPITAL,46
66,26077,RAWSON,26
68,26007,BIEDMA,26
71,06658,QUILMES,6
72,06760,SAN MIGUEL,6
73,06749,SAN FERNANDO,6
74,42119,QUEMÚ QUEMÚ,42
75,02002,COMUNA 2,2
76,42021,CAPITAL,42
81,66063,GUACHIPAS,66
82,74014,BELGRANO,74
84,66070,IRUYA,66
93,74035,GENERAL PEDERNERA,74
94,58098,PICÚN LEUFÚ,58
95,58113,ZAPALA ,58
96,58112,ZAPALA ,58
97,58105,PICUNCHES,58
98,58091,PEHUENCHES,58
99,58056,LÁCAR,58
109,86077,GENERAL TABOADA,86
110,06665,RAMALLO,6
111,06371,GENERAL SAN MARTÍN,6
112,06861,VICENTE LÓPEZ,6
115,38077,SANTA CATALINA,38
116,38112,YAVI,38
117,22098,MAYOR LUIS J. FONTANA,22
120,74049,JUNÍN,74
121,74007,AYACUCHO,74
122,54028,CAPITAL,54
128,18042,EMPEDRADO,18
132,18021,CAPITAL,18
133,66049,GENERAL GÜEMES,66
134,34014,FORMOSA,34
136,30049,GUALEGUAY,30
139,06260,ESTEBAN ECHEVERRÍA,6
143,06441,LA PLATA,6
147,66126,ORÁN,66
148,66133,RIVADAVIA,66
161,06058,QUILMES,6
162,06035,AVELLANEDA,6
163,86105,LORETO,86
166,26042,GAIMAN,26
168,70007,ALBARDÓN,70
169,38021,DR. MANUEL BELGRANO,38
171,70126,25 DE MAYO,70
173,02013,COMUNA 13,2
174,06091,BERAZATEGUI,6
177,70063,9 DE JULIO,70
179,70014,ANGACO,70
181,06126,CAMPANA,6
183,70056,JÁCHAL,70
186,70105,SARMIENTO,70
190,70035,CAUCETE,70
191,70077,RAWSON,70
192,86035,BANDA,86
195,06252,ESCOBAR,6
197,14042,GENERAL SAN MARTÍN,14
200,14147,SANTA MARÍA,14
202,66154,SAN CARLOS,66
204,06270,EZEIZA,6
205,06274,FLORENCIO VARELA,6
209,70091,SAN MARTÍN,70
213,02005,COMUNA 5,2
215,30077,NOGOYÁ,30
222,30105,VICTORIA,30
226,30113,VILLAGUAY,30
228,22021,COMANDANTE FERNÁNDEZ,22
229,82049,GENERAL OBLIGADO,82
243,86126,OJO DE AGUA,86
247,66084,LA CANDELARIA,66
249,66112,METÁN,66
254,10105,TINOGASTA,10
255,10112,VALLE VIEJO,10
256,74056,LA CAPITAL,74
257,70042,CHIMBAS,70
261,86175,SAN MARTÍN,86
262,86168,SALAVINA,86
264,86140,QUEBRACHOS,86
265,66021,CAFAYATE,66
276,10049,CAPITAL,10
280,82063,LA CAPITAL,82
281,18126,SALADAS,18
282,18133,SAN COSME,18
284,18140,SAN LUIS DEL PALMAR,18
288,78014,DESEADO,78
291,70119,VALLE FÉRTIL,70
292,70028,CAPITAL,70
295,50084,RIVADAVIA,50
298,22077,LIBERTAD,22
300,66105,LOS ANDES,66
302,70049,IGLESIA,70
304,70021,CALINGASTA,70
309,70070,POCITO,70
310,66007,ANTA,66
313,70084,RIVADAVIA,70
326,14014,CAPITAL,14
327,06638,PILAR,6
330,66147,ROSARIO DE LERMA,66
340,38014,EL CARMEN,38
347,82112,SAN JUSTO,82
351,06434,LANÚS,6
352,86070,FIGUEROA,86
353,86021,ATAMISQUI,86
354,86161,ROBLES,86
357,86014,ALBERDI,86
359,06490,LOMAS DE ZAMORA,6
364,26049,GASTRE,26
367,58042,CHOS MALAL,58
368,58063,LONCOPUÉ,58
369,14084,PRESIDENTE ROQUE SÁENZ PEÑA,14
370,58070,LOS LAGOS,58
371,14063,MARCOS JUÁREZ,14
372,58077,MINAS,58
374,14007,CALAMUCHITA,14
377,58084,ÑORQUÍN,58
384,14098,RÍO CUARTO,14
390,62077,SAN ANTONIO,62
391,06412,JOSÉ C. PAZ,6
392,06028,ALMIRANTE BROWN,6
421,66042,CHICOANA,66
424,86049,CAPITAL,86
425,90105,TAFÍ VIEJO,90
427,90098,TAFÍ DEL VALLE,90
432,34049,PILCOMAYO,34
435,34021,LAISHI,34
440,30015,CONCORDIA,30
459,14105,RÍO PRIMERO,14
461,50105,SAN RAFAEL,50
468,86189,SILÍPICA,86
470,86119,MORENO,86
481,50070,MAIPÚ,50
482,50056,LAVALLE,50
483,50049,LAS HERAS,50
484,50119,TUNUYÁN,50
485,50112,SANTA ROSA,50
486,38035,LEDESMA,38
489,38049,RINCONADA,38
493,66161,SANTA VICTORIA,66
494,30084,PARANÁ,30
501,02011,COMUNA 11,2
506,06413,JUNÍN,6
508,06469,LINCOLN,6
510,06210,CHACABUCO,6
512,06840,TRES DE FEBRERO,6
513,06357,GENERAL PUEYRREDÓN,6
514,06791,TANDIL,6
515,06427,LA MATANZA,6
516,06420,LA COSTA,6
521,02014,COMUNA 14,2
523,06224,CHIVILCOY,6
530,78007,CORPEN AIKE,78
535,14119,RÍO SEGUNDO,14
537,06581,NECOCHEA,6
538,06568,MORÓN,6
544,02009,COMUNA 9,2
547,30098,URUGUAY,30
567,18007,BELLA VISTA,18
570,86112,MITRE,86
571,50098,SAN MARTÍN,50
573,50014,GENERAL ALVEAR,50
578,86147,RÍO HONDO,86
580,06175,COLÓN,6
582,86007,AGUIRRE,86
584,86098,JUAN F. IBARRA,86
585,14154,SOBREMONTE,14
586,86133,PELLEGRINI,86
605,66014,CACHI,66
609,50035,JUNÍN,50
614,38070,SANTA BÁRBARA,38
615,06483,LOBOS,6
616,06693,ROQUE PÉREZ,6
618,06532,MERCEDES,6
620,02015,COMUNA 15,2
623,06707,SALADILLO,6
625,06539,MERLO,6
626,06497,LUJÁN,6
630,06329,GENERAL LAS HERAS,6
643,50007,CAPITAL,50
648,06408,HURLINGHAM,6
656,94007,RÍO GRANDE,94
659,38042,PALPALÁ ,38
660,78021,GÜER AIKE,78
666,46105,INDEPENDENCIA,46
667,46112,ROSARIO VERA PEÑALOZA,46
668,46028,CORONEL FELIPE VARELA,46
670,50021,GODOY CRUZ,50
672,30021,DIAMANTE,30
686,66140,ROSARIO DE LA FRONTERA,66
707,74021,CORONEL PRINGLES,74
712,14168,TOTORAL,14
717,14021,COLÓN,14
731,50063,LUJÁN DE CUYO,50
758,26028,FLORENTINO AMEGHINO,26
778,74028,CHACABUCO,74
788,62007,ADOLFO ALSINA,62
794,46070,GENERAL JUAN F. QUIROGA,46
795,46049,FAMATINA ,46
797,46126,SANAGASTA,46
798,46042,CHILECITO ,46
799,46035,CHAMICAL ,46
800,46007,ARAUCO,46
820,38028,HUMAHUACA,38
822,02007,COMUNA 7,2
830,26070,PASO DE INDIOS,26
831,26063,MÁRTIRES,26
840,06105,BOLÍVAR,6
842,06805,TIGRE,6
853,14161,TERCERO ARRIBA,14
856,14175,TULUMBA,14
859,14182,UNIÓN,14
876,06056,BAHÍA BLANCA,6
877,02008,COMUNA 8,2
898,90063,LULES,90
903,06112,BRAGADO,6
906,06854,25 DE MAYO,6
908,06315,GENERAL JUAN MADARIAGA,6
913,02004,COMUNA 4,2
937,94014,USHUAIA,94
948,22168,25 DE MAYO,22
973,06875,VILLARINO,6
974,06410,ITUZAINGÓ,6
994,02012,COMUNA 12,2
1003,06756,SAN ISIDRO,6
1014,22147,SAN LORENZO,22
1029,46084,GENERAL OCAMPO,46
1030,46091,GENERAL SAN MARTÍN,46
1043,02006,COMUNA 6,2
1044,86056,COPO,86
1049,86091,JIMÉNEZ,86
1072,06063,BALCARCE,6
1087,50091,SAN CARLOS,50
1090,58049,HUILICHES,58
1099,22154,SARGENTO CABRAL,22
1103,22161,TAPENAGÁ,22
1109,06560,MORENO,6
1119,06770,SAN PEDRO,6
1123,06763,SAN NICOLÁS,6
1125,06595,OLAVARRÍA,6
1138,86028,AVELLANEDA,86
1142,90014,CRUZ ALTA,90
1144,42007,ATREUCÓ,42
1156,14056,JUÁREZ CELMAN,14
1159,22084,LIBERTADOR GENERAL SAN MARTÍN,22
1174,22007,ALMIRANTE BROWN,22
1195,86042,BELGRANO,86
1204,58007,ALUMINÉ,58
1205,58014,AÑELO,58
1206,58028,COLLÓN CURÁ,58
1242,82070,LAS COLONIAS,82
1243,62042,GENERAL ROCA,62
1255,10084,POMÁN,10
1256,06182,CORONEL DE MARINA L. ROSALES,6
1277,42112,PUELÉN,42
1282,90091,SIMOCA,90
1290,50126,TUPUNGATO,50
1316,70112,ULLÚM,70
1317,42035,CONHELO,42
1325,06525,MARCOS PAZ,6
1335,42154,UTRACÁN,42
1337,38094,TILCARA,38
1338,38007,COCHINOCA,38
1354,70098,SANTA LUCÍA,70
1362,82126,SAN MARTÍN,82
1417,06882,ZÁRATE ,6
1420,26056,LANGUIÑEO,26
1439,50028,GUAYMALLÉN,50
1461,30088,SAN SALVADOR,30
1466,30008,COLÓN,30
1471,10070,LA PAZ,10
1475,18161,SAN ROQUE,18
1476,18056,GENERAL ALVEAR,18
1478,18147,SAN MARTÍN,18
1479,18070,GOYA,18
1480,18168,SANTO TOMÉ,18
1483,42133,REALICÓ,42
1490,06515,MALVINAS ARGENTINAS,6
1492,18091,LAVALLE,18
1493,18112,MONTE CASEROS,18
1494,06700,SAAVEDRA,6
1495,18035,CURUZÚ CUATIÁ,18
1500,06679,RIVADAVIA,6
1504,82056,IRIONDO,82
1548,30028,FEDERACIÓN,30
1552,30035,FEDERAL,30
1557,90119,YERBA BUENA,90
1565,62014,AVELLANEDA,62
1566,62021,BARILOCHE,62
1570,18119,PASO DE LOS LIBRES,18
1576,18105,MERCEDES,18
1581,18175,SAUCE,18
1586,66091,LA POMA,66
1591,82098,SAN JAVIER,82
1595,10091,SANTA MARÍA,10
1596,06455,LAS FLORES,6
1597,06189,CORONEL DORREGO,6
1598,06196,CORONEL PRINGLES,6
1600,06203,CORONEL SUÁREZ,6
1631,14035,GENERAL ROCA,14
1639,14049,ISCHILÍN,14
1660,10021,ANDALGALÁ,10
1662,82042,GENERAL LÓPEZ,82
1674,82133,VERA,82
1682,06602,PATAGONES,6
1685,06868,VILLA GESELL ,6
1693,06049,AZUL,6
1696,10077,PACLÍN,10
1706,86063,CHOYA,86
1725,54098,SAN IGNACIO,54
1732,90070,MONTEROS,90
1755,10056,EL ALTO,10
1758,10098,SANTA ROSA,10
1760,18098,MBURUCUYÁ,18
1773,06476,LOBERÍA,6
1777,06778,SAN VICENTE,6
1779,06518,MAR CHIQUITA,6
1812,82077,9 DE JULIO,82
1829,90028,FAMAILLÁ,90
1837,18084,ITUZAINGÓ,18
1843,10014,ANCASTI,10
1851,10007,AMBATO,10
1862,86154,RIVADAVIA,86
1874,06609,PEHUAJÓ,6
1877,06616,PELLEGRINI,6
1878,06623,PERGAMINO,6
1882,06042,AYACUCHO,6
1906,46021,CASTRO BARROS,46
1916,30042,FELICIANO,30
1917,30056,GUALEGUAYCHÚ,30
1923,30063,ISLAS DEL IBICUY,30
1927,14126,SAN ALBERTO,14
1930,06448,LAPRIDA,6
1983,42070,GUATRACHÉ,42
1995,90035,GRANEROS,90
2015,62084,VALCHETA,62
2028,18028,CONCEPCIÓN,18
2050,62070,PILCANIYEU,62
2095,82091,SAN CRISTÓBAL,82
2120,06406,HIPÓLITO YRIGOYEN,6
2129,06826,TRENQUE LAUQUEN,6
2130,06833,TRES ARROYOS,6
2132,06021,ALBERTI,6
2133,06385,GENERAL VIAMONTE,6
2135,06392,GENERAL VILLEGAS,6
2136,06547,MONTE,6
2168,18063,GENERAL PAZ,18
2171,18014,BERÓN DE ASTRADA,18
2177,18154,SAN MIGUEL,18
2179,18077,ITATÍ,18
2184,46119,SAN BLAS DE LOS SAUCES,46
2232,06505,MAGDALENA,6
2275,82021,CASTELLANOS,82
2277,90112,TRANCAS,90
2280,42126,RANCUL,42
2439,10042,CAPAYÁN,10
2448,10035,BELÉN,10
2472,06399,GUAMINÍ,6
2485,06728,SAN ANDRÉS DE GILES,6
2493,82014,CASEROS,82
2496,06134,CAÑUELAS,6
2497,06140,CAPITÁN SARMIENTO,6
2498,06147,CARLOS CASARES,6
2520,90042,JUAN BAUTISTA ALBERDI,90
2536,90056,LEALES,90
2543,26084,RÍO SENGUER,26
2627,42147,TRENEL,42
2686,90007,BURRUYACÚ,90
2688,90077,RÍO CHICO,90
2694,22043,FRAY JUSTO SANTA MARÍA DE ORO,22
2695,22049,GENERAL BELGRANO,22
2696,22056,GENERAL DONOVAN,22
2738,50042,LA PAZ ,50
2837,06098,BERISSO,6
2942,30091,TALA,30
2955,06287,GENERAL ALVEAR,6
2958,06301,GENERAL BELGRANO,6
2959,06336,GENERAL LAVALLE,6
2960,06343,GENERAL PAZ,6
3035,38098,TUMBAYA,38
3042,82007,BELGRANO,82
3133,06553,MONTE HERMOSO,6
3134,06574,NAVARRO,6
3142,02010,COMUNA 10,2
3163,42028,CATRILÓ,42
3164,42091,LIMAY MAHUIDA,42
3165,42098,LOVENTUÉ,42
3175,42056,CHAPALEUFÚ,42
3193,46056,GENERAL ANGEL V. PEÑALOZA,46
3195,46077,GENERAL LAMADRID,46
3203,82028,CONSTITUCIÓN,82
3241,06154,CARLOS TEJEDOR,6
3242,06161,CARMEN DE ARECO,6
3243,06168,CASTELLI,6
3251,06077,ARRECIFES,6
3257,34056,PIRANÉ,34
3259,06294,GENERAL ARENALES,6
3262,06277,FLORENTINO AMEGHINO,6
3316,06651,PUÁN,6
3383,66098,LA VIÑA,66
3463,22091,MAIPÚ,22
3481,06462,LEANDRO N. ALEM,6
3506,78028,LAGO ARGENTINO,78
3514,06784,SUIPACHA,6
3517,06644,PINAMAR ,6
3557,06014,ADOLFO GONZALES CHAVES,6
3574,78035,LAGO BUENOS AIRES,78
3586,82035,GARAY,82
3626,06231,DAIREAUX,6
3628,06238,DOLORES,6
3629,06280,GENERAL ALVARADO,6
3639,82105,SAN JERÓNIMO,82
3653,06798,TAPALQUÉ,6
3654,06812,TORDILLO,6
3730,22112,O'HIGGINS,22
3731,22119,PRESIDENCIA DE LA PLAZA,22
3808,06007,ADOLFO ALSINA,6
3850,06084,BENITO JUÁREZ,6
3903,62028,CONESA,62
3946,78049,RÍO CHICO,78
3947,78042,MAGALLANES,78
3963,06819,TORNQUIST,6
4032,74063,LIBERTADOR GENERAL SAN MARTÍN,74
4071,90049,LA COCHA,90
4074,06655,PUNTA INDIO,6
4213,06714,SALTO,6
4228,06245,ENSENADA,6
4292,06217,CHASCOMÚS,6
4293,06351,GENERAL PINTO,6
4295,06364,GENERAL RODRÍGUEZ,6
4328,06588,9 DE JULIO,6
4342,42084,LIHUEL CALEL,42
4377,06266,EXALTACIÓN DE LA CRUZ,6
4494,38105,VALLE GRANDE,38
4548,34035,PATIÑO,34
4562,62035,EL CUY,62
4564,62091,25 DE MAYO,62
4567,34042,PILAGÁS,34
4609,18049,ESQUINA,18
4642,22133,QUITILIPI,22
4668,06119,BRANDSEN,6
4684,06308,GENERAL GUIDO,6
4696,14133,SAN JAVIER,14
4802,06648,PRESIDENTE PERÓN,6
4855,62063,PICHI MAHUIDA,62
4870,14028,CRUZ DEL EJE,14
4886,26098,TEHUELCHES,26
4953,62049,9 DE JULIO,62
4958,42049,CHALILEO,42
5062,30070,LA PAZ,30
5065,34007,BERMEJO,34
5084,06721,SALLIQUELÓ,6
5087,06735,SAN ANTONIO DE ARECO,6
5171,34063,RAMÓN LISTA,34
5231,34028,MATACOS,34
5254,42042,CURACÓ,42
5415,86084,GUASAYÁN,86
5456,42063,CHICAL CO,42
5536,42140,TOAY,42
5577,42014,CALEU CALEU,42
5581,14112,RÍO SECO,14
5664,06672,RAUCH,6
5729,26091,SARMIENTO ,26
5991,22070,INDEPENDENCIA,22
6272,62056,ÑORQUINCÓ,62
6401,06847,TRES LOMAS ,6
6540,06322,GENERAL LA MADRID,6
6684,70133,ZONDA,70
6713,06686,ROJAS,6
6878,06511,MAIPÚ,6
6976,38056,SAN ANTONIO,38
7194,14070,MINAS,14
7197,06630,PILA,6
7482,06466,LEZAMA,6
7677,06742,SAN CAYETANO,6
10064,14077,POCHO,14
10500,42077,HUCAL,42
10594,46063,GENERAL BELGRANO,46
10694,58021,CATÁN LIL,58
10880,54042,ELDORADO,54
11099,66077,LA CALDERA,66
12993,54007,APÓSTOLES,54
13074,54077,LIBERTADOR GRL. SAN MARTÍN,54
13152,02000,COMUNA 1,2
13328,54070,LEANDRO N. ALEM,54
13333,54021,CANDELARIA,54
13451,54091,OBERÁ,54
13470,54119,25 DE MAYO,54
13479,54014,CAINGUÁS,54
13515,10063,FRAY MAMERTO ESQUIÚ,10
13538,54049,GENERAL MANUEL BELGRANO,54
13543,54105,SAN JAVIER,54
13570,54084,MONTECARLO,54
13602,54063,IGUAZÚ,54
13787,54056,GUARANÍ,54
13813,54035,CONCEPCIÓN ,54
15469,10028,ANTOFAGASTA DE LA SIERRA,10
