,provincia,porcentaje_2010,porcentaje_2022,diferencia
0,CHACO,24.5631025223401,13.514856953496079,11.04824556884402
1,LA RIOJA,17.914351095129128,7.492598496925529,10.421752598203598
2,JUJUY,17.745427398282942,7.5329326000767365,10.212494798206205
3,CATAMARCA,18.597829275447346,8.444816053511706,10.15301322193564
4,RÍO NEGRO,16.683250414593697,6.756756756756757,9.92649365783694
5,SANTIAGO DEL ESTERO,20.112846232759605,10.362250578059433,9.750595654700172
6,SAN LUIS,17.94904137235116,8.451717317029312,9.49732405532185
7,LA PAMPA,17.205855774444245,7.773649614175478,9.432206160268766
8,NEUQUÉN,15.477263416632528,6.138482023968042,9.338781392664487
9,CHUBUT,15.429315699829676,6.508683655250771,8.920632044578905
10,ENTRE RÍOS,18.074875877801137,9.3532799364533,8.721595941347838
11,TUCUMÁN,16.94736842105263,8.367287543655413,8.580080877397217
12,"TIERRA DEL FUEGO, ANTÁRTIDA E ISLAS DEL ATLÁNTICO SUR",12.901945216355697,4.783451842275372,8.118493374080327
13,FORMOSA,21.824381926683717,13.92032060348892,7.904061323194798
14,MENDOZA,15.207710786898694,7.310999389183856,7.896711397714839
15,SANTA CRUZ,15.623459832429768,7.748976807639837,7.874483024789932
16,CORRIENTES,19.64154905503736,12.155501561957653,7.486047493079706
17,SANTA FE,16.966435881998795,9.712369094155687,7.254066787843108
18,MISIONES,19.949669196736615,13.634738186462325,6.3149310102742895
19,CÓRDOBA,14.369661769730099,8.27161681254208,6.098044957188019
20,SAN JUAN,16.216787652406794,10.411668745801746,5.805118906605047
21,SALTA,17.088880892407342,11.389497302206314,5.699383590201029
22,BUENOS AIRES,13.104202803715667,8.035088525569586,5.069114278146081
23,CIUDAD DE BUENOS AIRES,6.693962006647736,2.5637910085054676,4.130170998142268
