,provincia,grupo_etario,habitantes_con_cobertura_2010,habitantes_sin_cobertura_2010,habitantes_con_cobertura_2022,habitantes_sin_cobertura_2022
0,BUENOS AIRES,0-14,2379901.0,1761722.0,2348817.0,1753176.0
1,BUENOS AIRES,15-29,1933569.0,1596991.0,1911543.0,1772812.0
2,BUENOS AIRES,30-44,2082093.0,1110828.0,2394656.0,1407138.0
3,BUENOS AIRES,45-64,2111739.0,972594.0,2618745.0,1088935.0
4,BUENOS AIRES,65+,1595788.0,74246.0,2023752.0,89332.0
5,CATAMARCA,0-14,64229.0,51187.0,55470.0,46930.0
6,CATAMARCA,15-29,41825.0,44601.0,40983.0,60687.0
7,CATAMARCA,30-44,45297.0,27807.0,54544.0,40504.0
8,CATAMARCA,45-64,46277.0,17541.0,61731.0,23756.0
9,CATAMARCA,65+,26718.0,2218.0,40982.0,2038.0
10,CHACO,0-14,111173.0,233599.0,110187.0,180534.0
11,CHACO,15-29,83129.0,178851.0,86650.0,184961.0
12,CHACO,30-44,87029.0,109561.0,120162.0,130373.0
13,CHACO,45-64,97936.0,80446.0,128763.0,83964.0
14,CHACO,65+,65543.0,7988.0,91590.0,7419.0
15,CHUBUT,0-14,105107.0,40232.0,101006.0,41029.0
16,CHUBUT,15-29,78485.0,43350.0,70907.0,52659.0
17,CHUBUT,30-44,81586.0,28883.0,101104.0,40716.0
18,CHUBUT,45-64,71882.0,22534.0,96016.0,27191.0
19,CHUBUT,65+,34239.0,3340.0,56339.0,2487.0
20,CIUDAD DE BUENOS AIRES,0-14,383215.0,120261.0,395475.0,98058.0
21,CIUDAD DE BUENOS AIRES,15-29,453470.0,158077.0,443118.0,150313.0
22,CIUDAD DE BUENOS AIRES,30-44,525023.0,120239.0,597600.0,130329.0
23,CIUDAD DE BUENOS AIRES,45-64,559124.0,97713.0,634335.0,109222.0
24,CIUDAD DE BUENOS AIRES,65+,461432.0,13527.0,520008.0,16996.0
25,CORRIENTES,0-14,143394.0,170268.0,161768.0,148904.0
26,CORRIENTES,15-29,98929.0,142718.0,113652.0,174966.0
27,CORRIENTES,30-44,92256.0,90498.0,138569.0,118760.0
28,CORRIENTES,45-64,106931.0,70356.0,152043.0,79641.0
29,CORRIENTES,65+,71960.0,5947.0,114240.0,7128.0
30,CÓRDOBA,0-14,515687.0,343603.0,499650.0,362876.0
31,CÓRDOBA,15-29,448724.0,313724.0,460938.0,381568.0
32,CÓRDOBA,30-44,435838.0,222067.0,526274.0,307975.0
33,CÓRDOBA,45-64,465325.0,191328.0,564137.0,234584.0
34,CÓRDOBA,65+,355470.0,14919.0,458503.0,15559.0
35,ENTRE RÍOS,0-14,197218.0,151186.0,192594.0,143603.0
36,ENTRE RÍOS,15-29,150138.0,129465.0,147681.0,160030.0
37,ENTRE RÍOS,30-44,155249.0,85730.0,193415.0,114567.0
38,ENTRE RÍOS,45-64,171630.0,69260.0,213999.0,80412.0
39,ENTRE RÍOS,65+,121551.0,5723.0,163096.0,5700.0
40,FORMOSA,0-14,60509.0,119984.0,55605.0,107583.0
41,FORMOSA,15-29,41693.0,83804.0,40211.0,103272.0
42,FORMOSA,30-44,43189.0,53969.0,55281.0,71844.0
43,FORMOSA,45-64,52120.0,38634.0,66664.0,49008.0
44,FORMOSA,65+,31393.0,5628.0,49374.0,6665.0
45,JUJUY,0-14,109862.0,101743.0,101836.0,100583.0
46,JUJUY,15-29,71219.0,93350.0,69350.0,116609.0
47,JUJUY,30-44,71192.0,64663.0,90381.0,90362.0
48,JUJUY,45-64,74293.0,39556.0,100478.0,59667.0
49,JUJUY,65+,42958.0,5514.0,73072.0,7026.0
50,LA PAMPA,0-14,51853.0,33149.0,50194.0,33297.0
51,LA PAMPA,15-29,39736.0,29909.0,38642.0,33526.0
52,LA PAMPA,30-44,42896.0,20678.0,52699.0,27657.0
53,LA PAMPA,45-64,47273.0,17816.0,57934.0,19472.0
54,LA PAMPA,65+,34773.0,1243.0,44588.0,1184.0
55,LA RIOJA,0-14,56583.0,44208.0,47187.0,43607.0
56,LA RIOJA,15-29,43698.0,40690.0,41501.0,53804.0
57,LA RIOJA,30-44,41526.0,26389.0,48074.0,38354.0
58,LA RIOJA,45-64,43011.0,14284.0,54015.0,21273.0
59,LA RIOJA,65+,22221.0,1719.0,32812.0,1826.0
60,MENDOZA,0-14,270571.0,207587.0,271232.0,230820.0
61,MENDOZA,15-29,215928.0,193865.0,206411.0,225236.0
62,MENDOZA,30-44,216000.0,124104.0,261510.0,175831.0
63,MENDOZA,45-64,224095.0,107868.0,281564.0,128197.0
64,MENDOZA,65+,170122.0,8230.0,239688.0,10284.0
65,MISIONES,0-14,195818.0,188847.0,166050.0,197120.0
66,MISIONES,15-29,128893.0,138134.0,120267.0,179923.0
67,MISIONES,30-44,119775.0,81073.0,147800.0,123462.0
68,MISIONES,45-64,115400.0,64041.0,147852.0,85627.0
69,MISIONES,65+,62044.0,7284.0,97476.0,7770.0
70,NEUQUÉN,0-14,98805.0,57554.0,113080.0,57820.0
71,NEUQUÉN,15-29,75075.0,58981.0,83240.0,66242.0
72,NEUQUÉN,30-44,82852.0,38469.0,118402.0,54850.0
73,NEUQUÉN,45-64,71314.0,31368.0,108652.0,40203.0
74,NEUQUÉN,65+,32458.0,3815.0,61954.0,4135.0
75,RÍO NEGRO,0-14,112530.0,65810.0,109657.0,66655.0
76,RÍO NEGRO,15-29,81713.0,67064.0,77865.0,78231.0
77,RÍO NEGRO,30-44,89321.0,44588.0,110471.0,63264.0
78,RÍO NEGRO,45-64,86661.0,37399.0,112227.0,46864.0
79,RÍO NEGRO,65+,49770.0,4680.0,78705.0,3758.0
80,SALTA,0-14,189185.0,215213.0,175699.0,211122.0
81,SALTA,15-29,126019.0,171239.0,132587.0,212260.0
82,SALTA,30-44,123623.0,108014.0,156831.0,148366.0
83,SALTA,45-64,120142.0,74702.0,163739.0,103152.0
84,SALTA,65+,77141.0,8012.0,118763.0,11706.0
85,SAN JUAN,0-14,103512.0,105213.0,104418.0,112067.0
86,SAN JUAN,15-29,69944.0,86565.0,73869.0,112281.0
87,SAN JUAN,30-44,74828.0,57970.0,91219.0,78935.0
88,SAN JUAN,45-64,79299.0,43719.0,100717.0,57938.0
89,SAN JUAN,65+,55054.0,4152.0,83430.0,4571.0
90,SAN LUIS,0-14,67981.0,61298.0,76577.0,53290.0
91,SAN LUIS,15-29,48056.0,49078.0,56835.0,67139.0
92,SAN LUIS,30-44,55376.0,31367.0,74990.0,43722.0
93,SAN LUIS,45-64,54089.0,26687.0,77642.0,33453.0
94,SAN LUIS,65+,35476.0,2317.0,54684.0,2216.0
95,SANTA CRUZ,0-14,70063.0,11497.0,75820.0,11968.0
96,SANTA CRUZ,15-29,50412.0,16920.0,51013.0,21621.0
97,SANTA CRUZ,30-44,52147.0,9499.0,70045.0,14284.0
98,SANTA CRUZ,45-64,39702.0,6487.0,57736.0,8354.0
99,SANTA CRUZ,65+,13261.0,860.0,24138.0,698.0
100,SANTA FE,0-14,471710.0,341185.0,484283.0,312389.0
101,SANTA FE,15-29,442526.0,303004.0,414683.0,320357.0
102,SANTA FE,30-44,440951.0,197877.0,544940.0,252967.0
103,SANTA FE,45-64,473617.0,159620.0,558446.0,182548.0
104,SANTA FE,65+,356333.0,10552.0,435695.0,12751.0
105,SANTIAGO DEL ESTERO,0-14,106119.0,189903.0,95010.0,191686.0
106,SANTIAGO DEL ESTERO,15-29,66690.0,138980.0,69767.0,188931.0
107,SANTIAGO DEL ESTERO,30-44,69899.0,92037.0,98036.0,127742.0
108,SANTIAGO DEL ESTERO,45-64,82059.0,60820.0,112706.0,78357.0
109,SANTIAGO DEL ESTERO,65+,60910.0,6237.0,89469.0,6048.0
110,TUCUMÁN,0-14,250043.0,187080.0,253501.0,175319.0
111,TUCUMÁN,15-29,194881.0,156714.0,223759.0,184783.0
112,TUCUMÁN,30-44,176473.0,104697.0,237719.0,138053.0
113,TUCUMÁN,45-64,188580.0,73326.0,243655.0,89053.0
114,TUCUMÁN,65+,110132.0,6708.0,173306.0,8189.0
