,provincia,origen_financiamiento,cantidad
0,CHACO,Privado,28
1,SAN LUIS,Estatal,6
2,MENDOZA,Privado,22
3,CATAMARCA,Estatal,4
4,CORRIENTES,Estatal,11
5,MISIONES,Estatal,12
6,JUJUY,Estatal,3
7,SANTA CRUZ,Privado,3
8,SAN JUAN,Privado,7
9,SANTIAGO DEL ESTERO,Estatal,5
10,RÍO NEGRO,Estatal,4
11,CHUBUT,Privado,7
12,SALTA,Privado,23
13,LA RIOJA,Privado,6
14,SANTA FE,Privado,58
15,NEUQUÉN,Privado,7
16,ENTRE RÍOS,Privado,12
17,CIUDAD DE BUENOS AIRES,Privado,66
18,CÓRDOBA,Privado,81
19,CHACO,Estatal,5
20,FORMOSA,Estatal,5
21,TUCUMÁN,Estatal,7
22,SANTA CRUZ,Estatal,3
23,SAN JUAN,Estatal,3
24,RÍO NEGRO,Privado,11
25,SANTIAGO DEL ESTERO,Privado,20
26,CHUBUT,Estatal,4
27,BUENOS AIRES,Privado,195
28,LA PAMPA,Privado,7
29,"TIERRA DEL FUEGO, ANTÁRTIDA E ISLAS DEL ATLÁNTICO SUR",Privado,3
30,FORMOSA,Privado,9
31,TUCUMÁN,Privado,35
32,JUJUY,Privado,4
33,SALTA,Estatal,9
34,LA RIOJA,Estatal,6
35,SANTA FE,Estatal,16
36,ENTRE RÍOS,Estatal,7
37,CÓRDOBA,Estatal,31
38,CIUDAD DE BUENOS AIRES,Estatal,34
39,NEUQUÉN,Estatal,1
40,BUENOS AIRES,Estatal,129
41,"TIERRA DEL FUEGO, ANTÁRTIDA E ISLAS DEL ATLÁNTICO SUR",Estatal,2
42,LA PAMPA,Estatal,3
43,MENDOZA,Estatal,12
44,SAN LUIS,Privado,9
45,CORRIENTES,Privado,22
46,CATAMARCA,Privado,8
47,MISIONES,Privado,18
