,provincia,grupo_edad_madre,tasa_fecundidad
0,BUENOS AIRES,15 a 19,20.285508341467164
1,BUENOS AIRES,20 a 24,57.231515830241946
2,BUENOS AIRES,25 a 29,67.3628616391414
3,BUENOS AIRES,30 a 34,64.06423289835678
4,BUENOS AIRES,35 a 39,44.25152907353646
5,BUENOS AIRES,40 a 44,13.47025176483655
6,BUENOS AIRES,De 45 y más,0.3328537035416269
7,BUENOS AIRES,Menor de 15,0.13016927665498917
8,CATAMARCA,15 a 19,22.65717009702204
9,CATAMARCA,20 a 24,63.587902523933856
10,CATAMARCA,25 a 29,72.4589436307146
11,CATAMARCA,30 a 34,68.2630226289726
12,CATAMARCA,35 a 39,39.54241883224228
13,CATAMARCA,40 a 44,12.962962962962964
14,CATAMARCA,De 45 y más,0.18078097380684557
15,CATAMARCA,Menor de 15,0.2707430856381206
16,CHACO,15 a 19,51.0791967603223
17,CHACO,20 a 24,94.91446966987186
18,CHACO,25 a 29,100.80239649085269
19,CHACO,30 a 34,86.27742655262179
20,CHACO,35 a 39,51.19296990752567
21,CHACO,40 a 44,14.396515087122822
22,CHACO,De 45 y más,0.2689731110943003
23,CHACO,Menor de 15,0.7390501032496468
24,CHUBUT,15 a 19,17.661308081920282
25,CHUBUT,20 a 24,65.26424287856072
26,CHUBUT,25 a 29,73.31313929496466
27,CHUBUT,30 a 34,62.59417107925438
28,CHUBUT,35 a 39,40.61240243588644
29,CHUBUT,40 a 44,11.85223635262566
30,CHUBUT,De 45 y más,0.18539910723199132
31,CHUBUT,Menor de 15,0.13437649307214525
32,CIUDAD DE BUENOS AIRES,15 a 19,6.966762051507814
33,CIUDAD DE BUENOS AIRES,20 a 24,24.069549517725903
34,CIUDAD DE BUENOS AIRES,25 a 29,37.054451416894224
35,CIUDAD DE BUENOS AIRES,30 a 34,61.60337552742616
36,CIUDAD DE BUENOS AIRES,35 a 39,61.28523303910281
37,CIUDAD DE BUENOS AIRES,40 a 44,21.956680063658187
38,CIUDAD DE BUENOS AIRES,De 45 y más,0.8538689169987268
39,CIUDAD DE BUENOS AIRES,Menor de 15,0.04709972724976129
40,CORRIENTES,15 a 19,34.00924523171348
41,CORRIENTES,20 a 24,69.59591377916264
42,CORRIENTES,25 a 29,75.66259077648812
43,CORRIENTES,30 a 34,70.01807202362586
44,CORRIENTES,35 a 39,41.86197267378079
45,CORRIENTES,40 a 44,13.562271296604314
46,CORRIENTES,De 45 y más,0.18212415039083843
47,CORRIENTES,Menor de 15,0.3842239014229766
48,CÓRDOBA,15 a 19,23.178874881241956
49,CÓRDOBA,20 a 24,57.65265662172879
50,CÓRDOBA,25 a 29,72.51385494475234
51,CÓRDOBA,30 a 34,73.80715885939664
52,CÓRDOBA,35 a 39,50.14109293928452
53,CÓRDOBA,40 a 44,13.718247178138931
54,CÓRDOBA,De 45 y más,0.3254182551402697
55,CÓRDOBA,Menor de 15,0.1320083605295002
56,ENTRE RÍOS,15 a 19,25.302175664786464
57,ENTRE RÍOS,20 a 24,63.47627468317123
58,ENTRE RÍOS,25 a 29,70.60004461298237
59,ENTRE RÍOS,30 a 34,68.5018835120255
60,ENTRE RÍOS,35 a 39,45.02176831997396
61,ENTRE RÍOS,40 a 44,12.391247034010018
62,ENTRE RÍOS,De 45 y más,0.22977168540333337
63,ENTRE RÍOS,Menor de 15,0.22443890274314215
64,FORMOSA,15 a 19,44.508931936383505
65,FORMOSA,20 a 24,92.31592377659793
66,FORMOSA,25 a 29,92.02726136226157
67,FORMOSA,30 a 34,71.10686501978982
68,FORMOSA,35 a 39,42.71626385979255
69,FORMOSA,40 a 44,14.451015685266135
70,FORMOSA,De 45 y más,0.27951452739977933
71,FORMOSA,Menor de 15,1.0196969305831634
72,JUJUY,15 a 19,17.65958084730009
73,JUJUY,20 a 24,50.832442340003055
74,JUJUY,25 a 29,65.10050711798131
75,JUJUY,30 a 34,64.935956869613
76,JUJUY,35 a 39,39.0728476821192
77,JUJUY,40 a 44,12.804794987058983
78,JUJUY,De 45 y más,0.30030364034746243
79,JUJUY,Menor de 15,0.20911315112607431
80,LA PAMPA,15 a 19,19.557089444923786
81,LA PAMPA,20 a 24,60.91494740275626
82,LA PAMPA,25 a 29,70.0888450148075
83,LA PAMPA,30 a 34,64.60286316401424
84,LA PAMPA,35 a 39,38.73845672249178
85,LA PAMPA,40 a 44,11.937984496124031
86,LA PAMPA,De 45 y más,0.22500869351770408
87,LA PAMPA,Menor de 15,0.15145395799676897
88,LA RIOJA,15 a 19,20.56507063382923
89,LA RIOJA,20 a 24,60.25421657296504
90,LA RIOJA,25 a 29,77.03446278598321
91,LA RIOJA,30 a 34,66.13932464770008
92,LA RIOJA,35 a 39,41.7558886509636
93,LA RIOJA,40 a 44,13.682678311499272
94,LA RIOJA,De 45 y más,0.25911007467081243
95,LA RIOJA,Menor de 15,0.13951217243704514
96,MENDOZA,15 a 19,19.958697297366633
97,MENDOZA,20 a 24,61.088065104235476
98,MENDOZA,25 a 29,76.35737756219685
99,MENDOZA,30 a 34,69.19222289035879
100,MENDOZA,35 a 39,44.565185977283896
101,MENDOZA,40 a 44,12.813644721791883
102,MENDOZA,De 45 y más,0.23502886074739177
103,MENDOZA,Menor de 15,0.15955593065195392
104,MISIONES,15 a 19,48.16124724818651
105,MISIONES,20 a 24,96.63552473204562
106,MISIONES,25 a 29,103.57171426285898
107,MISIONES,30 a 34,81.7658024063718
108,MISIONES,35 a 39,47.00240919199407
109,MISIONES,40 a 44,14.828083793601035
110,MISIONES,De 45 y más,0.3155498456059684
111,MISIONES,Menor de 15,0.5134210571858757
112,NEUQUÉN,15 a 19,17.488619119878603
113,NEUQUÉN,20 a 24,60.40268456375839
114,NEUQUÉN,25 a 29,71.02103678812699
115,NEUQUÉN,30 a 34,64.2700455096094
116,NEUQUÉN,35 a 39,42.151371535257795
117,NEUQUÉN,40 a 44,10.788166382442352
118,NEUQUÉN,De 45 y más,0.24358459083878353
119,NEUQUÉN,Menor de 15,0.07442322004465393
120,RÍO NEGRO,15 a 19,19.118111341074123
121,RÍO NEGRO,20 a 24,64.36246815110225
122,RÍO NEGRO,25 a 29,77.89095266626722
123,RÍO NEGRO,30 a 34,67.81992640231111
124,RÍO NEGRO,35 a 39,44.575182270988236
125,RÍO NEGRO,40 a 44,11.828074389489391
126,RÍO NEGRO,De 45 y más,0.26701699296143205
127,RÍO NEGRO,Menor de 15,0.1193659281894576
128,SALTA,15 a 19,34.18967895057571
129,SALTA,20 a 24,73.41581565854936
130,SALTA,25 a 29,83.60485035773068
131,SALTA,30 a 34,75.69421694640896
132,SALTA,35 a 39,48.05831239962114
133,SALTA,40 a 44,15.542817887121359
134,SALTA,De 45 y más,0.32466671967347804
135,SALTA,Menor de 15,0.4805172112528394
136,SAN JUAN,15 a 19,30.485235031328145
137,SAN JUAN,20 a 24,81.35058951898888
138,SAN JUAN,25 a 29,91.62220528455285
139,SAN JUAN,30 a 34,74.87594317177623
140,SAN JUAN,35 a 39,43.95522665575843
141,SAN JUAN,40 a 44,12.928508643422209
142,SAN JUAN,De 45 y más,0.18397272874844434
143,SAN JUAN,Menor de 15,0.11666796297736641
144,SAN LUIS,15 a 19,20.310271811935525
145,SAN LUIS,20 a 24,61.82734142431875
146,SAN LUIS,25 a 29,71.24121779859485
147,SAN LUIS,30 a 34,64.1377209018891
148,SAN LUIS,35 a 39,38.2629490733192
149,SAN LUIS,40 a 44,11.582615826158262
150,SAN LUIS,De 45 y más,0.22817852687943047
151,SAN LUIS,Menor de 15,0.19525847340416877
152,SANTA CRUZ,15 a 19,20.626044011910814
153,SANTA CRUZ,20 a 24,69.40036746283614
154,SANTA CRUZ,25 a 29,73.69035458923099
155,SANTA CRUZ,30 a 34,61.510565590348
156,SANTA CRUZ,35 a 39,36.341480897426706
157,SANTA CRUZ,40 a 44,9.563253012048193
158,SANTA CRUZ,De 45 y más,0.4333381482016467
159,SANTA CRUZ,Menor de 15,0.21710288264383065
160,SANTA FE,15 a 19,30.640286838759774
161,SANTA FE,20 a 24,71.08606573618343
162,SANTA FE,25 a 29,76.36575297352358
163,SANTA FE,30 a 34,74.56290840329086
164,SANTA FE,35 a 39,50.72379309541015
165,SANTA FE,40 a 44,14.68704636666382
166,SANTA FE,De 45 y más,0.3945581830044614
167,SANTA FE,Menor de 15,0.2482129984394268
168,SANTIAGO DEL ESTERO,15 a 19,25.9256085018855
169,SANTIAGO DEL ESTERO,20 a 24,65.18383232230991
170,SANTIAGO DEL ESTERO,25 a 29,70.87740002723436
171,SANTIAGO DEL ESTERO,30 a 34,64.43224501589135
172,SANTIAGO DEL ESTERO,35 a 39,38.93958904876547
173,SANTIAGO DEL ESTERO,40 a 44,11.860244460568175
174,SANTIAGO DEL ESTERO,De 45 y más,0.18725088944172485
175,SANTIAGO DEL ESTERO,Menor de 15,0.2864256284839271
176,TUCUMÁN,15 a 19,24.049856397958898
177,TUCUMÁN,20 a 24,67.31663293770168
178,TUCUMÁN,25 a 29,81.1072231230975
179,TUCUMÁN,30 a 34,73.00937604112131
180,TUCUMÁN,35 a 39,47.16161756531406
181,TUCUMÁN,40 a 44,13.711920315632883
182,TUCUMÁN,De 45 y más,0.30117714320717925
183,TUCUMÁN,Menor de 15,0.20690878278518926
