provincia,grupo_edad_madre,año,cantidad_nacidos,cantidad_bajo_peso,porcentaje_bajo_peso
BUENOS AIRES,15 a 19,2010,37849.0,3214.0,8.572724120455575
BUENOS AIRES,15 a 19,2022,13987.0,1275.0,9.215091066782307
BUENOS AIRES,20 a 24,2010,71680.0,4980.0,7.016752849675228
BUENOS AIRES,20 a 24,2022,36795.0,2764.0,7.580494761669684
BUENOS AIRES,25 a 29,2010,65670.0,4281.0,6.574521999539277
BUENOS AIRES,25 a 29,2022,42677.0,3016.0,7.128169979437971
BUENOS AIRES,30 a 34,2010,61232.0,4509.0,7.430906903541588
BUENOS AIRES,30 a 34,2022,40262.0,3042.0,7.605570417781333
BUENOS AIRES,35 a 39,2010,34165.0,2927.0,8.640590405904058
BUENOS AIRES,35 a 39,2022,26690.0,2244.0,8.457392680812573
BUENOS AIRES,40 a 44,2010,9189.0,982.0,10.805457746478874
BUENOS AIRES,40 a 44,2022,8247.0,815.0,9.92933723196881
BUENOS AIRES,De 45 y más,2010,752.0,101.0,13.685636856368564
BUENOS AIRES,De 45 y más,2022,734.0,128.0,17.510259917920656
BUENOS AIRES,Menor de 15,2010,602.0,70.0,11.864406779661017
BUENOS AIRES,Menor de 15,2022,253.0,29.0,11.885245901639344
CATAMARCA,15 a 19,2010,1268.0,104.0,8.240887480190175
CATAMARCA,15 a 19,2022,404.0,29.0,7.178217821782178
CATAMARCA,20 a 24,2010,1744.0,124.0,7.151095732410611
CATAMARCA,20 a 24,2022,1169.0,85.0,7.271171941830625
CATAMARCA,25 a 29,2010,1572.0,100.0,6.426735218508997
CATAMARCA,25 a 29,2022,1306.0,96.0,7.3506891271056665
CATAMARCA,30 a 34,2010,1323.0,89.0,6.762917933130699
CATAMARCA,30 a 34,2022,1089.0,79.0,7.261029411764706
CATAMARCA,35 a 39,2010,639.0,49.0,7.6923076923076925
CATAMARCA,35 a 39,2022,598.0,48.0,8.02675585284281
CATAMARCA,40 a 44,2010,174.0,10.0,5.780346820809249
CATAMARCA,40 a 44,2022,196.0,27.0,13.775510204081632
CATAMARCA,De 45 y más,2010,11.0,2.0,18.181818181818183
CATAMARCA,De 45 y más,2022,9.0,3.0,33.333333333333336
CATAMARCA,Menor de 15,2010,52.0,10.0,19.23076923076923
CATAMARCA,Menor de 15,2022,13.0,2.0,15.384615384615385
CHACO,15 a 19,2010,5580.0,444.0,8.21157758461254
CHACO,15 a 19,2022,2447.0,234.0,9.669421487603305
CHACO,20 a 24,2010,5935.0,352.0,6.084701815038894
CHACO,20 a 24,2022,4511.0,356.0,7.965987916759902
CHACO,25 a 29,2010,4967.0,295.0,6.079967023907667
CHACO,25 a 29,2022,4711.0,391.0,8.381564844587352
CHACO,30 a 34,2010,3641.0,243.0,6.789606035205365
CHACO,30 a 34,2022,3712.0,303.0,8.265139116202946
CHACO,35 a 39,2010,1696.0,140.0,8.495145631067961
CHACO,35 a 39,2022,2004.0,201.0,10.080240722166499
CHACO,40 a 44,2010,420.0,42.0,10.294117647058824
CHACO,40 a 44,2022,542.0,64.0,11.895910780669144
CHACO,De 45 y más,2010,29.0,2.0,7.407407407407407
CHACO,De 45 y más,2022,32.0,3.0,10.714285714285714
CHACO,Menor de 15,2010,257.0,28.0,11.570247933884298
CHACO,Menor de 15,2022,102.0,12.0,12.0
CHUBUT,15 a 19,2010,1540.0,101.0,6.566970091027308
CHUBUT,15 a 19,2022,401.0,34.0,8.478802992518704
CHUBUT,20 a 24,2010,2530.0,109.0,4.310003954132068
CHUBUT,20 a 24,2022,1393.0,85.0,6.101938262742283
CHUBUT,25 a 29,2010,2503.0,150.0,5.995203836930456
CHUBUT,25 a 29,2022,1670.0,102.0,6.107784431137724
CHUBUT,30 a 34,2010,2161.0,134.0,6.209453197405004
CHUBUT,30 a 34,2022,1454.0,108.0,7.432897453544391
CHUBUT,35 a 39,2010,948.0,84.0,8.870116156282998
CHUBUT,35 a 39,2022,947.0,76.0,8.025343189017951
CHUBUT,40 a 44,2010,235.0,21.0,8.974358974358974
CHUBUT,40 a 44,2022,274.0,26.0,9.489051094890511
CHUBUT,De 45 y más,2010,16.0,1.0,6.25
CHUBUT,De 45 y más,2022,13.0,2.0,15.384615384615385
CHUBUT,Menor de 15,2010,45.0,2.0,4.444444444444445
CHUBUT,Menor de 15,2022,9.0,0.0,0.0
CIUDAD DE BUENOS AIRES,15 a 19,2010,3041.0,211.0,7.019294743845642
CIUDAD DE BUENOS AIRES,15 a 19,2022,633.0,61.0,9.682539682539682
CIUDAD DE BUENOS AIRES,20 a 24,2010,7585.0,428.0,5.683930942895087
CIUDAD DE BUENOS AIRES,20 a 24,2022,2453.0,165.0,6.751227495908347
CIUDAD DE BUENOS AIRES,25 a 29,2010,9990.0,566.0,5.705070053422034
CIUDAD DE BUENOS AIRES,25 a 29,2022,4098.0,257.0,6.2820826203862135
CIUDAD DE BUENOS AIRES,30 a 34,2010,13759.0,951.0,6.960913482652613
CIUDAD DE BUENOS AIRES,30 a 34,2022,7446.0,480.0,6.45421540943929
CIUDAD DE BUENOS AIRES,35 a 39,2010,8670.0,665.0,7.743362831858407
CIUDAD DE BUENOS AIRES,35 a 39,2022,7186.0,526.0,7.326925755676278
CIUDAD DE BUENOS AIRES,40 a 44,2010,2055.0,235.0,11.536573392243495
CIUDAD DE BUENOS AIRES,40 a 44,2022,2442.0,209.0,8.572600492206726
CIUDAD DE BUENOS AIRES,De 45 y más,2010,167.0,43.0,26.70807453416149
CIUDAD DE BUENOS AIRES,De 45 y más,2022,393.0,66.0,16.793893129770993
CIUDAD DE BUENOS AIRES,Menor de 15,2010,65.0,5.0,7.6923076923076925
CIUDAD DE BUENOS AIRES,Menor de 15,2022,11.0,1.0,10.0
CORRIENTES,15 a 19,2010,4022.0,346.0,8.763931104356637
CORRIENTES,15 a 19,2022,1751.0,170.0,9.70873786407767
CORRIENTES,20 a 24,2010,5478.0,374.0,6.928492034086699
CORRIENTES,20 a 24,2022,3529.0,296.0,8.390022675736962
CORRIENTES,25 a 29,2010,4626.0,321.0,7.020997375328084
CORRIENTES,25 a 29,2022,3657.0,272.0,7.4377905386929175
CORRIENTES,30 a 34,2010,3567.0,266.0,7.58266818700114
CORRIENTES,30 a 34,2022,3177.0,262.0,8.24677368586717
CORRIENTES,35 a 39,2010,1924.0,172.0,9.062170706006322
CORRIENTES,35 a 39,2022,1679.0,156.0,9.291244788564622
CORRIENTES,40 a 44,2010,501.0,54.0,10.909090909090908
CORRIENTES,40 a 44,2022,530.0,59.0,11.132075471698114
CORRIENTES,De 45 y más,2010,45.0,4.0,9.090909090909092
CORRIENTES,De 45 y más,2022,25.0,3.0,12.0
CORRIENTES,Menor de 15,2010,157.0,24.0,15.686274509803921
CORRIENTES,Menor de 15,2022,57.0,10.0,17.54385964912281
CÓRDOBA,15 a 19,2010,8412.0,680.0,8.113590263691684
CÓRDOBA,15 a 19,2022,3440.0,305.0,8.866279069767442
CÓRDOBA,20 a 24,2010,13565.0,931.0,6.886604038760264
CÓRDOBA,20 a 24,2022,8724.0,633.0,7.256677748481027
CÓRDOBA,25 a 29,2010,14335.0,846.0,5.926444833625219
CÓRDOBA,25 a 29,2022,10533.0,728.0,6.912923748931726
CÓRDOBA,30 a 34,2010,13492.0,902.0,6.707815869710716
CÓRDOBA,30 a 34,2022,10180.0,711.0,6.985655335036353
CÓRDOBA,35 a 39,2010,6653.0,579.0,8.722506779150347
CÓRDOBA,35 a 39,2022,6610.0,550.0,8.321985171735513
CÓRDOBA,40 a 44,2010,1522.0,157.0,10.356200527704486
CÓRDOBA,40 a 44,2022,1868.0,178.0,9.534011783610069
CÓRDOBA,De 45 y más,2010,89.0,12.0,13.48314606741573
CÓRDOBA,De 45 y más,2022,158.0,24.0,15.189873417721518
CÓRDOBA,Menor de 15,2010,176.0,23.0,13.294797687861271
CÓRDOBA,Menor de 15,2022,54.0,7.0,12.962962962962964
ENTRE RÍOS,15 a 19,2010,4041.0,352.0,8.710715169512497
ENTRE RÍOS,15 a 19,2022,1413.0,147.0,10.40339702760085
ENTRE RÍOS,20 a 24,2010,5407.0,356.0,6.5840577029776215
ENTRE RÍOS,20 a 24,2022,3446.0,260.0,7.547169811320755
ENTRE RÍOS,25 a 29,2010,5304.0,350.0,6.600037714501226
ENTRE RÍOS,25 a 29,2022,3798.0,285.0,7.503949447077409
ENTRE RÍOS,30 a 34,2010,4660.0,316.0,6.781115879828326
ENTRE RÍOS,30 a 34,2022,3546.0,256.0,7.2194021432600115
ENTRE RÍOS,35 a 39,2010,2240.0,173.0,7.723214285714286
ENTRE RÍOS,35 a 39,2022,2213.0,205.0,9.263443289652056
ENTRE RÍOS,40 a 44,2010,545.0,51.0,9.357798165137615
ENTRE RÍOS,40 a 44,2022,611.0,67.0,10.965630114566284
ENTRE RÍOS,De 45 y más,2010,30.0,3.0,10.0
ENTRE RÍOS,De 45 y más,2022,41.0,8.0,19.51219512195122
ENTRE RÍOS,Menor de 15,2010,128.0,13.0,10.15625
ENTRE RÍOS,Menor de 15,2022,36.0,4.0,11.11111111111111
FORMOSA,15 a 19,2010,2560.0,200.0,7.852375343541421
FORMOSA,15 a 19,2022,1181.0,96.0,8.128704487722269
FORMOSA,20 a 24,2010,3215.0,199.0,6.216807247735082
FORMOSA,20 a 24,2022,2243.0,189.0,8.426214890771288
FORMOSA,25 a 29,2010,2542.0,173.0,6.8705321683876095
FORMOSA,25 a 29,2022,2282.0,182.0,7.975460122699387
FORMOSA,30 a 34,2010,1972.0,155.0,7.9202861522738885
FORMOSA,30 a 34,2022,1563.0,120.0,7.677543186180422
FORMOSA,35 a 39,2010,957.0,65.0,6.8493150684931505
FORMOSA,35 a 39,2022,836.0,66.0,7.894736842105263
FORMOSA,40 a 44,2010,276.0,19.0,7.063197026022305
FORMOSA,40 a 44,2022,281.0,28.0,9.9644128113879
FORMOSA,De 45 y más,2010,29.0,2.0,7.407407407407407
FORMOSA,De 45 y más,2022,19.0,3.0,15.789473684210526
FORMOSA,Menor de 15,2010,161.0,12.0,7.5
FORMOSA,Menor de 15,2022,79.0,8.0,10.126582278481013
JUJUY,15 a 19,2010,2377.0,189.0,7.954545454545454
JUJUY,15 a 19,2022,589.0,62.0,10.526315789473685
JUJUY,20 a 24,2010,3500.0,229.0,6.548470117243351
JUJUY,20 a 24,2022,1664.0,128.0,7.696933253156946
JUJUY,25 a 29,2010,3139.0,192.0,6.1165976425613255
JUJUY,25 a 29,2022,2131.0,123.0,5.777360263034288
JUJUY,30 a 34,2010,2610.0,156.0,5.9815950920245395
JUJUY,30 a 34,2022,1891.0,128.0,6.768905341089371
JUJUY,35 a 39,2010,1312.0,95.0,7.240853658536586
JUJUY,35 a 39,2022,1121.0,88.0,7.8501338090990185
JUJUY,40 a 44,2010,382.0,28.0,7.329842931937173
JUJUY,40 a 44,2022,376.0,42.0,11.170212765957446
JUJUY,De 45 y más,2010,22.0,5.0,22.727272727272727
JUJUY,De 45 y más,2022,27.0,4.0,15.384615384615385
JUJUY,Menor de 15,2010,53.0,8.0,15.09433962264151
JUJUY,Menor de 15,2022,20.0,2.0,10.0
LA PAMPA,15 a 19,2010,952.0,79.0,8.298319327731093
LA PAMPA,15 a 19,2022,272.0,20.0,7.352941176470588
LA PAMPA,20 a 24,2010,1395.0,86.0,6.164874551971326
LA PAMPA,20 a 24,2022,747.0,69.0,9.236947791164658
LA PAMPA,25 a 29,2010,1321.0,70.0,5.299015897047691
LA PAMPA,25 a 29,2022,923.0,61.0,6.616052060737527
LA PAMPA,30 a 34,2010,1132.0,72.0,6.360424028268551
LA PAMPA,30 a 34,2022,889.0,58.0,6.524184476940382
LA PAMPA,35 a 39,2010,557.0,44.0,7.899461400359066
LA PAMPA,35 a 39,2022,495.0,39.0,7.878787878787879
LA PAMPA,40 a 44,2010,124.0,10.0,8.130081300813009
LA PAMPA,40 a 44,2022,154.0,17.0,11.03896103896104
LA PAMPA,De 45 y más,2010,12.0,2.0,16.666666666666668
LA PAMPA,De 45 y más,2022,11.0,2.0,18.181818181818183
LA PAMPA,Menor de 15,2010,29.0,3.0,10.344827586206897
LA PAMPA,Menor de 15,2022,6.0,0.0,0.0
LA RIOJA,15 a 19,2010,1096.0,79.0,7.261029411764706
LA RIOJA,15 a 19,2022,329.0,22.0,6.686930091185411
LA RIOJA,20 a 24,2010,1597.0,111.0,7.012002526847757
LA RIOJA,20 a 24,2022,986.0,83.0,8.417849898580121
LA RIOJA,25 a 29,2010,1490.0,89.0,6.025727826675694
LA RIOJA,25 a 29,2022,1330.0,106.0,7.969924812030075
LA RIOJA,30 a 34,2010,1165.0,72.0,6.222990492653414
LA RIOJA,30 a 34,2022,995.0,70.0,7.035175879396985
LA RIOJA,35 a 39,2010,575.0,36.0,6.315789473684211
LA RIOJA,35 a 39,2022,546.0,54.0,9.89010989010989
LA RIOJA,40 a 44,2010,138.0,16.0,11.594202898550725
LA RIOJA,40 a 44,2022,188.0,25.0,13.297872340425531
LA RIOJA,De 45 y más,2010,6.0,0.0,0.0
LA RIOJA,De 45 y más,2022,11.0,2.0,18.181818181818183
LA RIOJA,Menor de 15,2010,29.0,2.0,6.896551724137931
LA RIOJA,Menor de 15,2022,6.0,0.0,0.0
MENDOZA,15 a 19,2010,5191.0,408.0,7.859757272201888
MENDOZA,15 a 19,2022,1556.0,127.0,8.161953727506427
MENDOZA,20 a 24,2010,8540.0,558.0,6.542384804783679
MENDOZA,20 a 24,2022,4624.0,325.0,7.028546712802768
MENDOZA,25 a 29,2010,8343.0,496.0,5.950095969289827
MENDOZA,25 a 29,2022,5856.0,378.0,6.45602049530316
MENDOZA,30 a 34,2010,7262.0,552.0,7.606448945845391
MENDOZA,30 a 34,2022,5178.0,373.0,7.204944948812053
MENDOZA,35 a 39,2010,3744.0,282.0,7.540106951871658
MENDOZA,35 a 39,2022,3084.0,256.0,8.300907911802854
MENDOZA,40 a 44,2010,873.0,99.0,11.353211009174313
MENDOZA,40 a 44,2022,885.0,90.0,10.169491525423728
MENDOZA,De 45 y más,2010,48.0,10.0,20.833333333333332
MENDOZA,De 45 y más,2022,59.0,14.0,23.728813559322035
MENDOZA,Menor de 15,2010,105.0,11.0,10.476190476190476
MENDOZA,Menor de 15,2022,38.0,2.0,5.2631578947368425
MISIONES,15 a 19,2010,4915.0,394.0,8.192971511748805
MISIONES,15 a 19,2022,2669.0,272.0,10.19872515935508
MISIONES,20 a 24,2010,6258.0,386.0,6.295873430109281
MISIONES,20 a 24,2022,5058.0,387.0,7.660332541567696
MISIONES,25 a 29,2010,5173.0,300.0,5.927682276229994
MISIONES,25 a 29,2022,5179.0,424.0,8.201160541586074
MISIONES,30 a 34,2010,3857.0,270.0,7.135306553911205
MISIONES,30 a 34,2022,3860.0,312.0,8.084996112982639
MISIONES,35 a 39,2010,1859.0,142.0,7.780821917808219
MISIONES,35 a 39,2022,2029.0,188.0,9.265648102513554
MISIONES,40 a 44,2010,516.0,49.0,9.74155069582505
MISIONES,40 a 44,2022,596.0,55.0,9.228187919463087
MISIONES,De 45 y más,2010,45.0,5.0,12.5
MISIONES,De 45 y más,2022,42.0,4.0,9.523809523809524
MISIONES,Menor de 15,2010,241.0,35.0,14.767932489451477
MISIONES,Menor de 15,2022,89.0,20.0,22.471910112359552
NEUQUÉN,15 a 19,2010,1889.0,146.0,7.728957120169402
NEUQUÉN,15 a 19,2022,461.0,23.0,4.989154013015185
NEUQUÉN,20 a 24,2010,3013.0,157.0,5.2107534019249915
NEUQUÉN,20 a 24,2022,1566.0,90.0,5.7507987220447285
NEUQUÉN,25 a 29,2010,3014.0,203.0,6.7374709591769
NEUQUÉN,25 a 29,2022,2029.0,104.0,5.128205128205129
NEUQUÉN,30 a 34,2010,2571.0,174.0,6.770428015564202
NEUQUÉN,30 a 34,2022,1963.0,122.0,6.227667177131189
NEUQUÉN,35 a 39,2010,1307.0,107.0,8.186687069625096
NEUQUÉN,35 a 39,2022,1174.0,106.0,9.052092228864218
NEUQUÉN,40 a 44,2010,322.0,31.0,9.627329192546584
NEUQUÉN,40 a 44,2022,291.0,20.0,6.8728522336769755
NEUQUÉN,De 45 y más,2010,25.0,5.0,20.0
NEUQUÉN,De 45 y más,2022,20.0,3.0,15.0
NEUQUÉN,Menor de 15,2010,63.0,6.0,9.523809523809524
NEUQUÉN,Menor de 15,2022,6.0,1.0,16.666666666666668
RÍO NEGRO,15 a 19,2010,2012.0,144.0,7.174887892376682
RÍO NEGRO,15 a 19,2022,545.0,52.0,9.558823529411764
RÍO NEGRO,20 a 24,2010,3044.0,176.0,5.781865965834428
RÍO NEGRO,20 a 24,2022,1743.0,128.0,7.35632183908046
RÍO NEGRO,25 a 29,2010,2898.0,186.0,6.4337599446558285
RÍO NEGRO,25 a 29,2022,2210.0,138.0,6.247170665459484
RÍO NEGRO,30 a 34,2010,2535.0,174.0,6.872037914691943
RÍO NEGRO,30 a 34,2022,1972.0,125.0,6.3516260162601625
RÍO NEGRO,35 a 39,2010,1221.0,102.0,8.374384236453203
RÍO NEGRO,35 a 39,2022,1235.0,93.0,7.530364372469635
RÍO NEGRO,40 a 44,2010,259.0,25.0,9.689922480620154
RÍO NEGRO,40 a 44,2022,325.0,24.0,7.384615384615385
RÍO NEGRO,De 45 y más,2010,10.0,1.0,10.0
RÍO NEGRO,De 45 y más,2022,25.0,3.0,12.0
RÍO NEGRO,Menor de 15,2010,64.0,7.0,10.9375
RÍO NEGRO,Menor de 15,2022,10.0,1.0,10.0
SALTA,15 a 19,2010,4749.0,378.0,8.020369191597709
SALTA,15 a 19,2022,2132.0,185.0,8.697696285848613
SALTA,20 a 24,2010,7328.0,426.0,5.862116416678134
SALTA,20 a 24,2022,4486.0,341.0,7.626929098635652
SALTA,25 a 29,2010,6526.0,384.0,5.928670680870773
SALTA,25 a 29,2022,4978.0,346.0,6.968781470292044
SALTA,30 a 34,2010,5168.0,309.0,6.032799687622022
SALTA,30 a 34,2022,3928.0,275.0,7.00994137139944
SALTA,35 a 39,2010,2833.0,216.0,7.697790449037776
SALTA,35 a 39,2022,2334.0,209.0,8.966108966108965
SALTA,40 a 44,2010,791.0,59.0,7.525510204081633
SALTA,40 a 44,2022,724.0,62.0,8.575380359612724
SALTA,De 45 y más,2010,81.0,7.0,8.974358974358974
SALTA,De 45 y más,2022,49.0,8.0,16.3265306122449
SALTA,Menor de 15,2010,125.0,11.0,9.090909090909092
SALTA,Menor de 15,2022,88.0,14.0,15.909090909090908
SAN JUAN,15 a 19,2010,2301.0,185.0,8.043478260869565
SAN JUAN,15 a 19,2022,1085.0,115.0,10.599078341013826
SAN JUAN,20 a 24,2010,3644.0,232.0,6.371875858280692
SAN JUAN,20 a 24,2022,2684.0,167.0,6.2220566318926975
SAN JUAN,25 a 29,2010,3464.0,211.0,6.096503900606761
SAN JUAN,25 a 29,2022,2885.0,197.0,6.830790568654646
SAN JUAN,30 a 34,2010,2899.0,207.0,7.142857142857143
SAN JUAN,30 a 34,2022,2203.0,165.0,7.496592457973648
SAN JUAN,35 a 39,2010,1460.0,136.0,9.315068493150685
SAN JUAN,35 a 39,2022,1182.0,111.0,9.390862944162437
SAN JUAN,40 a 44,2010,338.0,28.0,8.284023668639053
SAN JUAN,40 a 44,2022,353.0,36.0,10.19830028328612
SAN JUAN,De 45 y más,2010,28.0,1.0,3.5714285714285716
SAN JUAN,De 45 y más,2022,17.0,4.0,23.529411764705884
SAN JUAN,Menor de 15,2010,55.0,8.0,14.545454545454545
SAN JUAN,Menor de 15,2022,12.0,0.0,0.0
SAN LUIS,15 a 19,2010,1423.0,114.0,8.022519352568613
SAN LUIS,15 a 19,2022,470.0,46.0,9.787234042553191
SAN LUIS,20 a 24,2010,2001.0,123.0,6.159238858287432
SAN LUIS,20 a 24,2022,1350.0,111.0,8.234421364985163
SAN LUIS,25 a 29,2010,1903.0,129.0,6.796628029504742
SAN LUIS,25 a 29,2022,1521.0,108.0,7.1146245059288535
SAN LUIS,30 a 34,2010,1636.0,135.0,8.282208588957054
SAN LUIS,30 a 34,2022,1263.0,87.0,6.910246227164416
SAN LUIS,35 a 39,2010,722.0,53.0,7.361111111111111
SAN LUIS,35 a 39,2022,704.0,73.0,10.413694721825962
SAN LUIS,40 a 44,2010,198.0,16.0,8.205128205128204
SAN LUIS,40 a 44,2022,226.0,19.0,8.444444444444445
SAN LUIS,De 45 y más,2010,9.0,1.0,11.11111111111111
SAN LUIS,De 45 y más,2022,15.0,3.0,20.0
SAN LUIS,Menor de 15,2010,35.0,3.0,8.571428571428571
SAN LUIS,Menor de 15,2022,12.0,1.0,8.333333333333334
SANTA CRUZ,15 a 19,2010,951.0,78.0,8.30670926517572
SANTA CRUZ,15 a 19,2022,284.0,14.0,4.929577464788732
SANTA CRUZ,20 a 24,2010,1620.0,89.0,5.534825870646766
SANTA CRUZ,20 a 24,2022,831.0,57.0,6.859205776173285
SANTA CRUZ,25 a 29,2010,1554.0,81.0,5.270006506180872
SANTA CRUZ,25 a 29,2022,1010.0,52.0,5.148514851485149
SANTA CRUZ,30 a 34,2010,1145.0,73.0,6.4373897707231045
SANTA CRUZ,30 a 34,2022,882.0,54.0,6.122448979591836
SANTA CRUZ,35 a 39,2010,574.0,30.0,5.3097345132743365
SANTA CRUZ,35 a 39,2022,507.0,38.0,7.495069033530572
SANTA CRUZ,40 a 44,2010,123.0,11.0,9.01639344262295
SANTA CRUZ,40 a 44,2022,127.0,10.0,7.874015748031496
SANTA CRUZ,De 45 y más,2010,9.0,0.0,0.0
SANTA CRUZ,De 45 y más,2022,15.0,2.0,13.333333333333334
SANTA CRUZ,Menor de 15,2010,25.0,2.0,8.695652173913043
SANTA CRUZ,Menor de 15,2022,9.0,2.0,22.22222222222222
SANTA FE,15 a 19,2010,9018.0,761.0,8.442422897714666
SANTA FE,15 a 19,2022,4025.0,392.0,9.73913043478261
SANTA FE,20 a 24,2010,12078.0,766.0,6.34473618818852
SANTA FE,20 a 24,2022,8969.0,774.0,8.630686886708297
SANTA FE,25 a 29,2010,12289.0,809.0,6.585266585266585
SANTA FE,25 a 29,2022,9971.0,747.0,7.4932290099307854
SANTA FE,30 a 34,2010,12333.0,854.0,6.929006085192698
SANTA FE,30 a 34,2022,9779.0,782.0,7.998363506187992
SANTA FE,35 a 39,2010,5756.0,456.0,7.924921793534932
SANTA FE,35 a 39,2022,6528.0,537.0,8.227363260303354
SANTA FE,40 a 44,2010,1206.0,118.0,9.808811305070657
SANTA FE,40 a 44,2022,1892.0,212.0,11.20507399577167
SANTA FE,De 45 y más,2010,84.0,10.0,12.048192771084338
SANTA FE,De 45 y más,2022,179.0,24.0,13.40782122905028
SANTA FE,Menor de 15,2010,366.0,43.0,11.748633879781421
SANTA FE,Menor de 15,2022,94.0,11.0,11.702127659574469
SANTIAGO DEL ESTERO,15 a 19,2010,3529.0,279.0,7.939669891861127
SANTIAGO DEL ESTERO,15 a 19,2022,1210.0,106.0,8.767576509511994
SANTIAGO DEL ESTERO,20 a 24,2010,4601.0,242.0,5.282689369133377
SANTIAGO DEL ESTERO,20 a 24,2022,2998.0,230.0,7.674341007674341
SANTIAGO DEL ESTERO,25 a 29,2010,4064.0,210.0,5.177514792899408
SANTIAGO DEL ESTERO,25 a 29,2022,3123.0,219.0,7.014734144778988
SANTIAGO DEL ESTERO,30 a 34,2010,3069.0,191.0,6.241830065359477
SANTIAGO DEL ESTERO,30 a 34,2022,2453.0,222.0,9.053833605220229
SANTIAGO DEL ESTERO,35 a 39,2010,1536.0,116.0,7.591623036649215
SANTIAGO DEL ESTERO,35 a 39,2022,1391.0,116.0,8.339324227174695
SANTIAGO DEL ESTERO,40 a 44,2010,346.0,39.0,11.271676300578035
SANTIAGO DEL ESTERO,40 a 44,2022,425.0,51.0,12.0
SANTIAGO DEL ESTERO,De 45 y más,2010,27.0,4.0,14.814814814814815
SANTIAGO DEL ESTERO,De 45 y más,2022,21.0,0.0,0.0
SANTIAGO DEL ESTERO,Menor de 15,2010,135.0,18.0,13.333333333333334
SANTIAGO DEL ESTERO,Menor de 15,2022,39.0,3.0,7.6923076923076925
"TIERRA DEL FUEGO, ANTÁRTIDA E ISLAS DEL ATLÁNTICO SUR",15 a 19,2010,325.0,27.0,8.307692307692308
"TIERRA DEL FUEGO, ANTÁRTIDA E ISLAS DEL ATLÁNTICO SUR",15 a 19,2022,74.0,9.0,12.162162162162161
"TIERRA DEL FUEGO, ANTÁRTIDA E ISLAS DEL ATLÁNTICO SUR",20 a 24,2010,623.0,39.0,6.280193236714976
"TIERRA DEL FUEGO, ANTÁRTIDA E ISLAS DEL ATLÁNTICO SUR",20 a 24,2022,249.0,29.0,11.693548387096774
"TIERRA DEL FUEGO, ANTÁRTIDA E ISLAS DEL ATLÁNTICO SUR",25 a 29,2010,646.0,35.0,5.41795665634675
"TIERRA DEL FUEGO, ANTÁRTIDA E ISLAS DEL ATLÁNTICO SUR",25 a 29,2022,418.0,20.0,4.784688995215311
"TIERRA DEL FUEGO, ANTÁRTIDA E ISLAS DEL ATLÁNTICO SUR",30 a 34,2010,611.0,36.0,5.8919803600654665
"TIERRA DEL FUEGO, ANTÁRTIDA E ISLAS DEL ATLÁNTICO SUR",30 a 34,2022,444.0,22.0,4.954954954954955
"TIERRA DEL FUEGO, ANTÁRTIDA E ISLAS DEL ATLÁNTICO SUR",35 a 39,2010,237.0,19.0,8.016877637130802
"TIERRA DEL FUEGO, ANTÁRTIDA E ISLAS DEL ATLÁNTICO SUR",35 a 39,2022,288.0,22.0,7.638888888888889
"TIERRA DEL FUEGO, ANTÁRTIDA E ISLAS DEL ATLÁNTICO SUR",40 a 44,2010,68.0,10.0,14.705882352941176
"TIERRA DEL FUEGO, ANTÁRTIDA E ISLAS DEL ATLÁNTICO SUR",40 a 44,2022,70.0,4.0,5.714285714285714
"TIERRA DEL FUEGO, ANTÁRTIDA E ISLAS DEL ATLÁNTICO SUR",De 45 y más,2010,2.0,1.0,50.0
"TIERRA DEL FUEGO, ANTÁRTIDA E ISLAS DEL ATLÁNTICO SUR",De 45 y más,2022,3.0,0.0,0.0
"TIERRA DEL FUEGO, ANTÁRTIDA E ISLAS DEL ATLÁNTICO SUR",Menor de 15,2010,7.0,0.0,0.0
"TIERRA DEL FUEGO, ANTÁRTIDA E ISLAS DEL ATLÁNTICO SUR",Menor de 15,2022,1.0,0.0,0.0
TUCUMÁN,15 a 19,2010,5152.0,455.0,8.874585527598986
TUCUMÁN,15 a 19,2022,1725.0,175.0,10.186263096623982
TUCUMÁN,20 a 24,2010,7696.0,540.0,7.048688160814515
TUCUMÁN,20 a 24,2022,4923.0,448.0,9.11866476694484
TUCUMÁN,25 a 29,2010,7155.0,464.0,6.523267257134823
TUCUMÁN,25 a 29,2022,5702.0,440.0,7.741027445460943
TUCUMÁN,30 a 34,2010,6500.0,462.0,7.148383103821755
TUCUMÁN,30 a 34,2022,4602.0,372.0,8.11872544740288
TUCUMÁN,35 a 39,2010,2934.0,264.0,9.069048436963243
TUCUMÁN,35 a 39,2022,2715.0,242.0,8.953015168331483
TUCUMÁN,40 a 44,2010,712.0,70.0,9.887005649717514
TUCUMÁN,40 a 44,2022,848.0,114.0,13.49112426035503
TUCUMÁN,De 45 y más,2010,34.0,5.0,15.151515151515152
TUCUMÁN,De 45 y más,2022,59.0,10.0,16.949152542372882
TUCUMÁN,Menor de 15,2010,132.0,16.0,12.121212121212121
TUCUMÁN,Menor de 15,2022,42.0,9.0,21.428571428571427
