provincia,porcentaje_2010,porcentaje_2022,cambio
CHACO,25.694413875071533,14.078206119518391,-11.616207755553141
LA RIOJA,18.388362209872508,7.629241630608062,-10.759120579264446
CATAMARCA,19.360516280434144,8.716555183946488,-10.643961096487656
JUJUY,18.141097424412095,7.788719785138764,-10.352377639273332
RÍO NEGRO,17.213930348258707,6.8807339449541285,-10.333196403304578
SANTIAGO DEL ESTERO,20.882252365211443,10.696240472724158,-10.186011892487285
LA PAMPA,17.729983733959877,7.945127179194055,-9.78485655476582
NEUQUÉN,15.993445309299467,6.218375499334221,-9.775069809965245
SAN LUIS,18.390514631685168,8.667505844272613,-9.723008787412555
CHUBUT,15.880172327422102,6.654763837039441,-9.22540849038266
ENTRE RÍOS,18.647403497785927,9.59158006222281,-9.055823435563116
TUCUMÁN,17.38157894736842,8.571012805587893,-8.810566141780528
FORMOSA,23.19693094629156,14.851485148514852,-8.345445797776707
"TIERRA DEL FUEGO, ANTÁRTIDA E ISLAS DEL ATLÁNTICO SUR",13.179833267169512,4.848093083387201,-8.331740183782312
SANTA CRUZ,16.03417118449154,7.994542974079127,-8.039628210412413
MENDOZA,15.515321966367845,7.489545646760325,-8.02577631960752
CORRIENTES,20.40826292914001,12.551197500867755,-7.857065428272257
SANTA FE,17.655027092113183,9.939192123932242,-7.715834968180941
MISIONES,20.927872711774974,14.089399744572159,-6.838472967202815
CÓRDOBA,14.67031089853092,8.401461960180821,-6.268848938350098
SAN JUAN,16.60441186834872,10.526820842529508,-6.077591025819212
SALTA,17.538682979489025,11.859607885036594,-5.679075094452431
BUENOS AIRES,13.312629184540441,8.180429012948515,-5.132200171591926
CIUDAD DE BUENOS AIRES,6.837042417838825,2.6083434588902388,-4.228698958948586
