provincia,grupo_etario,habitantes_con_cobertura_2010,habitantes_sin_cobertura_2010,habitantes_con_cobertura_2022,habitantes_sin_cobertura_2022
BUENOS AIRES,0-14,2230507.0,1643068.0,2183542.0,1645128.0
BUENOS AIRES,15-29,2082963.0,1715645.0,2076818.0,1880860.0
BUENOS AIRES,30-44,2082093.0,1110828.0,2394656.0,1407138.0
BUENOS AIRES,45-64,2111739.0,972594.0,2618745.0,1088935.0
BUENOS AIRES,65+,1595788.0,74246.0,2023752.0,89332.0
CATAMARCA,0-14,59291.0,48085.0,51269.0,44166.0
CATAMARCA,15-29,46763.0,47703.0,45184.0,63451.0
CATAMARCA,30-44,45297.0,27807.0,54544.0,40504.0
CATAMARCA,45-64,46277.0,17541.0,61731.0,23756.0
CATAMARCA,65+,26718.0,2218.0,40982.0,2038.0
CHACO,0-14,102599.0,217824.0,102688.0,170119.0
CHACO,15-29,91703.0,194626.0,94149.0,195376.0
CHACO,30-44,87029.0,109561.0,120162.0,130373.0
CHACO,45-64,97936.0,80446.0,128763.0,83964.0
CHACO,65+,65543.0,7988.0,91590.0,7419.0
CHUBUT,0-14,97999.0,37633.0,93913.0,38566.0
CHUBUT,15-29,85593.0,45949.0,78000.0,55122.0
CHUBUT,30-44,81586.0,28883.0,101104.0,40716.0
CHUBUT,45-64,71882.0,22534.0,96016.0,27191.0
CHUBUT,65+,34239.0,3340.0,56339.0,2487.0
CIUDAD DE BUENOS AIRES,0-14,359438.0,112701.0,368291.0,91585.0
CIUDAD DE BUENOS AIRES,15-29,477247.0,165637.0,470302.0,156786.0
CIUDAD DE BUENOS AIRES,30-44,525023.0,120239.0,597600.0,130329.0
CIUDAD DE BUENOS AIRES,45-64,559124.0,97713.0,634335.0,109222.0
CIUDAD DE BUENOS AIRES,65+,461432.0,13527.0,520008.0,16996.0
CORRIENTES,0-14,133330.0,158348.0,151849.0,139733.0
CORRIENTES,15-29,108993.0,154638.0,123571.0,184137.0
CORRIENTES,30-44,92256.0,90498.0,138569.0,118760.0
CORRIENTES,45-64,106931.0,70356.0,152043.0,79641.0
CORRIENTES,65+,71960.0,5947.0,114240.0,7128.0
CÓRDOBA,0-14,483415.0,320427.0,466540.0,340070.0
CÓRDOBA,15-29,480996.0,336900.0,494048.0,404374.0
CÓRDOBA,30-44,435838.0,222067.0,526274.0,307975.0
CÓRDOBA,45-64,465325.0,191328.0,564137.0,234584.0
CÓRDOBA,65+,355470.0,14919.0,458503.0,15559.0
ENTRE RÍOS,0-14,184072.0,141253.0,179626.0,135079.0
ENTRE RÍOS,15-29,163284.0,139398.0,160649.0,168554.0
ENTRE RÍOS,30-44,155249.0,85730.0,193415.0,114567.0
ENTRE RÍOS,45-64,171630.0,69260.0,213999.0,80412.0
ENTRE RÍOS,65+,121551.0,5723.0,163096.0,5700.0
FORMOSA,0-14,55378.0,111921.0,51829.0,101096.0
FORMOSA,15-29,46824.0,91867.0,43987.0,109759.0
FORMOSA,30-44,43189.0,53969.0,55281.0,71844.0
FORMOSA,45-64,52120.0,38634.0,66664.0,49008.0
FORMOSA,65+,31393.0,5628.0,49374.0,6665.0
JUJUY,0-14,101434.0,94920.0,94779.0,94721.0
JUJUY,15-29,79647.0,100173.0,76407.0,122471.0
JUJUY,30-44,71192.0,64663.0,90381.0,90362.0
JUJUY,45-64,74293.0,39556.0,100478.0,59667.0
JUJUY,65+,42958.0,5514.0,73072.0,7026.0
LA PAMPA,0-14,48234.0,31040.0,46667.0,31185.0
LA PAMPA,15-29,43355.0,32018.0,42169.0,35638.0
LA PAMPA,30-44,42896.0,20678.0,52699.0,27657.0
LA PAMPA,45-64,47273.0,17816.0,57934.0,19472.0
LA PAMPA,65+,34773.0,1243.0,44588.0,1184.0
LA RIOJA,0-14,52140.0,41278.0,43623.0,41094.0
LA RIOJA,15-29,48141.0,43620.0,45065.0,56317.0
LA RIOJA,30-44,41526.0,26389.0,48074.0,38354.0
LA RIOJA,45-64,43011.0,14284.0,54015.0,21273.0
LA RIOJA,65+,22221.0,1719.0,32812.0,1826.0
MENDOZA,0-14,252894.0,193189.0,252583.0,216881.0
MENDOZA,15-29,233605.0,208263.0,225060.0,239175.0
MENDOZA,30-44,216000.0,124104.0,261510.0,175831.0
MENDOZA,45-64,224095.0,107868.0,281564.0,128197.0
MENDOZA,65+,170122.0,8230.0,239688.0,10284.0
MISIONES,0-14,182233.0,176390.0,155196.0,185765.0
MISIONES,15-29,142478.0,150591.0,131121.0,191278.0
MISIONES,30-44,119775.0,81073.0,147800.0,123462.0
MISIONES,45-64,115400.0,64041.0,147852.0,85627.0
MISIONES,65+,62044.0,7284.0,97476.0,7770.0
NEUQUÉN,0-14,92015.0,54053.0,105193.0,54441.0
NEUQUÉN,15-29,81865.0,62482.0,91127.0,69621.0
NEUQUÉN,30-44,82852.0,38469.0,118402.0,54850.0
NEUQUÉN,45-64,71314.0,31368.0,108652.0,40203.0
NEUQUÉN,65+,32458.0,3815.0,61954.0,4135.0
RÍO NEGRO,0-14,104633.0,61345.0,102102.0,62700.0
RÍO NEGRO,15-29,89610.0,71529.0,85420.0,82186.0
RÍO NEGRO,30-44,89321.0,44588.0,110471.0,63264.0
RÍO NEGRO,45-64,86661.0,37399.0,112227.0,46864.0
RÍO NEGRO,65+,49770.0,4680.0,78705.0,3758.0
SALTA,0-14,175771.0,201654.0,163833.0,199030.0
SALTA,15-29,139433.0,184798.0,144453.0,224352.0
SALTA,30-44,123623.0,108014.0,156831.0,148366.0
SALTA,45-64,120142.0,74702.0,163739.0,103152.0
SALTA,65+,77141.0,8012.0,118763.0,11706.0
SAN JUAN,0-14,96659.0,98713.0,97265.0,105165.0
SAN JUAN,15-29,76797.0,93065.0,81022.0,119183.0
SAN JUAN,30-44,74828.0,57970.0,91219.0,78935.0
SAN JUAN,45-64,79299.0,43719.0,100717.0,57938.0
SAN JUAN,65+,55054.0,4152.0,83430.0,4571.0
SAN LUIS,0-14,63909.0,56799.0,70794.0,49746.0
SAN LUIS,15-29,52128.0,53577.0,62618.0,70683.0
SAN LUIS,30-44,55376.0,31367.0,74990.0,43722.0
SAN LUIS,45-64,54089.0,26687.0,77642.0,33453.0
SAN LUIS,65+,35476.0,2317.0,54684.0,2216.0
SANTA CRUZ,0-14,65534.0,10901.0,70684.0,11237.0
SANTA CRUZ,15-29,54941.0,17516.0,56149.0,22352.0
SANTA CRUZ,30-44,52147.0,9499.0,70045.0,14284.0
SANTA CRUZ,45-64,39702.0,6487.0,57736.0,8354.0
SANTA CRUZ,65+,13261.0,860.0,24138.0,698.0
SANTA FE,0-14,441021.0,317838.0,452587.0,293359.0
SANTA FE,15-29,473215.0,326351.0,446379.0,339387.0
SANTA FE,30-44,440951.0,197877.0,544940.0,252967.0
SANTA FE,45-64,473617.0,159620.0,558446.0,182548.0
SANTA FE,65+,356333.0,10552.0,435695.0,12751.0
SANTIAGO DEL ESTERO,0-14,98307.0,178256.0,88477.0,180558.0
SANTIAGO DEL ESTERO,15-29,74502.0,150627.0,76300.0,200059.0
SANTIAGO DEL ESTERO,30-44,69899.0,92037.0,98036.0,127742.0
SANTIAGO DEL ESTERO,45-64,82059.0,60820.0,112706.0,78357.0
SANTIAGO DEL ESTERO,65+,60910.0,6237.0,89469.0,6048.0
"TIERRA DEL FUEGO, ANTÁRTIDA E ISLAS DEL ATLÁNTICO SUR",0-14,28315.0,6492.0,38076.0,4473.0
"TIERRA DEL FUEGO, ANTÁRTIDA E ISLAS DEL ATLÁNTICO SUR",15-29,24051.0,9206.0,32372.0,10788.0
"TIERRA DEL FUEGO, ANTÁRTIDA E ISLAS DEL ATLÁNTICO SUR",30-44,23147.0,6093.0,40598.0,8083.0
"TIERRA DEL FUEGO, ANTÁRTIDA E ISLAS DEL ATLÁNTICO SUR",45-64,19722.0,4457.0,33641.0,4654.0
"TIERRA DEL FUEGO, ANTÁRTIDA E ISLAS DEL ATLÁNTICO SUR",65+,4447.0,390.0,11898.0,375.0
TUCUMÁN,0-14,232449.0,175418.0,235890.0,165880.0
TUCUMÁN,15-29,212475.0,168376.0,241370.0,194222.0
TUCUMÁN,30-44,176473.0,104697.0,237719.0,138053.0
TUCUMÁN,45-64,188580.0,73326.0,243655.0,89053.0
TUCUMÁN,65+,110132.0,6708.0,173306.0,8189.0
