provincia,grupo_edad_madre,tasa_fecundidad
BUENOS AIRES,15 a 19,20.628850303304716
BUENOS AIRES,20 a 24,56.56879038568861
BUENOS AIRES,25 a 29,64.3463366900921
BUENOS AIRES,30 a 34,60.594476634810746
BUENOS AIRES,35 a 39,41.79893599860931
BUENOS AIRES,40 a 44,12.591474074266337
BUENOS AIRES,De 45 y más,0.23076151614717555
BUENOS AIRES,Menor de 15,0.13421416017743854
CATAMARCA,15 a 19,23.05541288592136
CATAMARCA,20 a 24,63.960168517809265
CATAMARCA,25 a 29,70.2301570230157
CATAMARCA,30 a 34,64.53333333333333
CATAMARCA,35 a 39,37.80025284450063
CATAMARCA,40 a 44,12.130964906851519
CATAMARCA,De 45 y más,0.13260645351407102
CATAMARCA,Menor de 15,0.2741517113393366
CHACO,15 a 19,51.67352972231021
CHACO,20 a 24,91.73920117139836
CHACO,25 a 29,92.68148731064332
CHACO,30 a 34,78.9602433473017
CHACO,35 a 39,46.70784290875189
CHACO,40 a 44,13.283988137545649
CHACO,De 45 y más,0.1906748100700134
CHACO,Menor de 15,0.7567214671493857
CHUBUT,15 a 19,18.210717529518618
CHUBUT,20 a 24,66.61565683133279
CHUBUT,25 a 29,71.48054616273595
CHUBUT,30 a 34,59.953818241794494
CHUBUT,35 a 39,39.649974878579805
CHUBUT,40 a 44,11.40763562179941
CHUBUT,De 45 y más,0.13512108928385821
CHUBUT,Menor de 15,0.13739828710135413
CIUDAD DE BUENOS AIRES,15 a 19,6.895349723859217
CIUDAD DE BUENOS AIRES,20 a 24,22.176817857175145
CIUDAD DE BUENOS AIRES,25 a 29,33.78150013601629
CIUDAD DE BUENOS AIRES,30 a 34,56.966237979022104
CIUDAD DE BUENOS AIRES,35 a 39,57.45031259493772
CIUDAD DE BUENOS AIRES,40 a 44,19.886965161164227
CIUDAD DE BUENOS AIRES,De 45 y más,0.532492906869294
CIUDAD DE BUENOS AIRES,Menor de 15,0.048601814173172685
CORRIENTES,15 a 19,34.4007858546169
CORRIENTES,20 a 24,65.34580131469309
CORRIENTES,25 a 29,69.95428199781931
CORRIENTES,30 a 34,65.6093178861285
CORRIENTES,35 a 39,39.631771509500766
CORRIENTES,40 a 44,12.625059552167698
CORRIENTES,De 45 y más,0.1317856427449368
CORRIENTES,Menor de 15,0.3979585424942924
CÓRDOBA,15 a 19,23.47674164664774
CÓRDOBA,20 a 24,55.76044229970279
CÓRDOBA,25 a 29,70.00857410619928
CÓRDOBA,30 a 34,70.26553192664224
CÓRDOBA,35 a 39,47.598473392381365
CÓRDOBA,40 a 44,12.920540061974325
CÓRDOBA,De 45 y más,0.22768440635614165
CÓRDOBA,Menor de 15,0.1358336792061276
ENTRE RÍOS,15 a 19,25.763985121435343
ENTRE RÍOS,20 a 24,62.072195403127026
ENTRE RÍOS,25 a 29,69.16269075281349
ENTRE RÍOS,30 a 34,65.26180178522131
ENTRE RÍOS,35 a 39,42.997590735991295
ENTRE RÍOS,40 a 44,11.761082558564802
ENTRE RÍOS,De 45 y más,0.16371971185330714
ENTRE RÍOS,Menor de 15,0.23330417031204434
FORMOSA,15 a 19,46.069826409206165
FORMOSA,20 a 24,86.89756702309003
FORMOSA,25 a 29,85.5610963218477
FORMOSA,30 a 34,64.73389935804515
FORMOSA,35 a 39,39.482384055917635
FORMOSA,40 a 44,13.503772406170407
FORMOSA,De 45 y más,0.20990068383433313
FORMOSA,Menor de 15,1.0470371499383706
JUJUY,15 a 19,18.035949413601983
JUJUY,20 a 24,50.73789486522747
JUJUY,25 a 29,61.5842557003728
JUJUY,30 a 34,60.04890286113493
JUJUY,35 a 39,36.767358719538194
JUJUY,40 a 44,11.903254400405217
JUJUY,De 45 y más,0.20747366237119344
JUJUY,Menor de 15,0.21308785612307954
LA PAMPA,15 a 19,20.730127276884385
LA PAMPA,20 a 24,62.09992518081304
LA PAMPA,25 a 29,69.30990463317563
LA PAMPA,30 a 34,63.32810941729591
LA PAMPA,35 a 39,36.17099013518451
LA PAMPA,40 a 44,11.671972108534183
LA PAMPA,De 45 y más,0.16849973959131154
LA PAMPA,Menor de 15,0.15692017993513965
LA RIOJA,15 a 19,20.10633746867934
LA RIOJA,20 a 24,57.54975777738866
LA RIOJA,25 a 29,72.84079084287201
LA RIOJA,30 a 34,63.33545512412476
LA RIOJA,35 a 39,38.50222128199704
LA RIOJA,40 a 44,12.809157184710772
LA RIOJA,De 45 y más,0.1891529387488393
LA RIOJA,Menor de 15,0.14385039558858786
MENDOZA,15 a 19,20.103878653195174
MENDOZA,20 a 24,60.56398905028226
MENDOZA,25 a 29,73.07121198886962
MENDOZA,30 a 34,66.14293926039471
MENDOZA,35 a 39,42.40690831087399
MENDOZA,40 a 44,12.085541049871633
MENDOZA,De 45 y más,0.1636048526863085
MENDOZA,Menor de 15,0.1642866715952668
MISIONES,15 a 19,49.36832954146089
MISIONES,20 a 24,91.20744373918062
MISIONES,25 a 29,93.96374984124681
MISIONES,30 a 34,74.98640142979252
MISIONES,35 a 39,43.95771047272412
MISIONES,40 a 44,13.841794788424915
MISIONES,De 45 y más,0.2356981716556113
MISIONES,Menor de 15,0.5309818988867279
NEUQUÉN,15 a 19,18.10896806379385
NEUQUÉN,20 a 24,62.33828271167549
NEUQUÉN,25 a 29,69.21371311615214
NEUQUÉN,30 a 34,62.98732552542917
NEUQUÉN,35 a 39,41.46212254988522
NEUQUÉN,40 a 44,10.245396613033835
NEUQUÉN,De 45 y más,0.17507615812878602
NEUQUÉN,Menor de 15,0.07593591009188246
RÍO NEGRO,15 a 19,20.154580082097556
RÍO NEGRO,20 a 24,64.8896169167194
RÍO NEGRO,25 a 29,74.30319739098275
RÍO NEGRO,30 a 34,64.45076314671373
RÍO NEGRO,35 a 39,41.738483896042446
RÍO NEGRO,40 a 44,11.096316023080337
RÍO NEGRO,De 45 y más,0.1943030350134069
RÍO NEGRO,Menor de 15,0.12341717473403599
SALTA,15 a 19,34.83090998202908
SALTA,20 a 24,72.61837312828814
SALTA,25 a 29,79.24732552215995
SALTA,30 a 34,71.0140473306456
SALTA,35 a 39,44.89497576363776
SALTA,40 a 44,14.236274972471291
SALTA,De 45 y más,0.22929554792276952
SALTA,Menor de 15,0.48963149665882144
SAN JUAN,15 a 19,31.543448556560165
SAN JUAN,20 a 24,81.04354127664715
SAN JUAN,25 a 29,88.4480961432338
SAN JUAN,30 a 34,73.14077025232403
SAN JUAN,35 a 39,42.32614767600086
SAN JUAN,40 a 44,12.389877505177074
SAN JUAN,De 45 y más,0.1263001485884101
SAN JUAN,Menor de 15,0.12051338702874244
SAN LUIS,15 a 19,20.439225918677973
SAN LUIS,20 a 24,61.76793557833089
SAN LUIS,25 a 29,68.74887000542397
SAN LUIS,30 a 34,60.54359810172092
SAN LUIS,35 a 39,36.132211044959966
SAN LUIS,40 a 44,10.884222693122712
SAN LUIS,De 45 y más,0.16839741790625878
SAN LUIS,Menor de 15,0.20310410778057986
SANTA CRUZ,15 a 19,21.433962264150942
SANTA CRUZ,20 a 24,70.70535182506595
SANTA CRUZ,25 a 29,71.89123781052032
SANTA CRUZ,30 a 34,58.663119388094444
SANTA CRUZ,35 a 39,35.57645077538418
SANTA CRUZ,40 a 44,9.426259927261931
SANTA CRUZ,De 45 y más,0.3155569580309246
SANTA CRUZ,Menor de 15,0.22240893589680225
SANTA FE,15 a 19,31.256309503471197
SANTA FE,20 a 24,68.83293297825803
SANTA FE,25 a 29,71.94706612405115
SANTA FE,30 a 34,70.03559432496115
SANTA FE,35 a 39,48.65251609825901
SANTA FE,40 a 44,13.970007309887546
SANTA FE,De 45 y más,0.27553509993919756
SANTA FE,Menor de 15,0.25596409967350964
SANTIAGO DEL ESTERO,15 a 19,26.46891543072144
SANTIAGO DEL ESTERO,20 a 24,62.768251575487305
SANTIAGO DEL ESTERO,25 a 29,67.66330841728957
SANTIAGO DEL ESTERO,30 a 34,59.935983580521416
SANTIAGO DEL ESTERO,35 a 39,37.15277777777778
SANTIAGO DEL ESTERO,40 a 44,11.248147363963582
SANTIAGO DEL ESTERO,De 45 y más,0.14005882470637668
SANTIAGO DEL ESTERO,Menor de 15,0.2935111458976173
"TIERRA DEL FUEGO, ANTÁRTIDA E ISLAS DEL ATLÁNTICO SUR",15 a 19,10.834553440702782
"TIERRA DEL FUEGO, ANTÁRTIDA E ISLAS DEL ATLÁNTICO SUR",20 a 24,39.51126626467788
"TIERRA DEL FUEGO, ANTÁRTIDA E ISLAS DEL ATLÁNTICO SUR",25 a 29,50.758955676988464
"TIERRA DEL FUEGO, ANTÁRTIDA E ISLAS DEL ATLÁNTICO SUR",30 a 34,49.686660698299015
"TIERRA DEL FUEGO, ANTÁRTIDA E ISLAS DEL ATLÁNTICO SUR",35 a 39,35.47234881142998
"TIERRA DEL FUEGO, ANTÁRTIDA E ISLAS DEL ATLÁNTICO SUR",40 a 44,9.433962264150944
"TIERRA DEL FUEGO, ANTÁRTIDA E ISLAS DEL ATLÁNTICO SUR",De 45 y más,0.11423784318952059
"TIERRA DEL FUEGO, ANTÁRTIDA E ISLAS DEL ATLÁNTICO SUR",Menor de 15,0.04736418320466063
TUCUMÁN,15 a 19,24.4005941014216
TUCUMÁN,20 a 24,65.1044077390005
TUCUMÁN,25 a 29,76.9293038316244
TUCUMÁN,30 a 34,69.48932443451213
TUCUMÁN,35 a 39,44.304830287206265
TUCUMÁN,40 a 44,12.883426262135185
TUCUMÁN,De 45 y más,0.21215695299464932
TUCUMÁN,Menor de 15,0.21128673622360172
